0TXguH473qpVyX4g4Tm9Fw,http://ec.europa.eu/eurostat/cache/metadata/en/lcs_esms.htm,404,Not Found
2sl3BcYPmmqCeVbC3vHq0g,http://forest.jrc.ec.europa.eu/efdac/applications/species-distrbution/,404,NOT FOUND
33uKREouYLb5qkjKtRQfpA,http://ec.europa.eu/eurostat/cache/metadata/en/lcs_esms.htm,404,Not Found
35Wirdd1z58xbzNsVwSTiA,http://forest.jrc.ec.europa.eu/efdac/applications/species-distrbution/,404,NOT FOUND
3DauCGAGKLUiKFkgiA2Sw,http://epp.eurostat.ec.europa.eu/NavTree_prod/everybody/BulkDownloadListing?file=data/educ_bo_mo_er.tsv.gz,0,"HTTPConnectionPool(host='ec.europa.eu', port=80): Read timed out. (read timeout=60)"
4Kd3NKRpwdw7stNSvpsFg,http://forest.jrc.ec.europa.eu/efdac/applications/species-distrbution/,404,NOT FOUND
5m8itOAvcxIP98r3sv4xw,http://forest.jrc.ec.europa.eu/efdac/applications/species-distrbution/,404,NOT FOUND
6GjYYGqc7OSQBLtcjICQA,http://forest.jrc.ec.europa.eu/efdac/applications/species-distrbution/,404,NOT FOUND
7Y1pjBYKIfvclxDx6oCiQ,http://ec.europa.eu/eurostat/cache/metadata/en/lcs_esms.htm,404,Not Found
9LERFAH5n58Y9K3vXLnUw,http://forest.jrc.ec.europa.eu/efdac/applications/species-distrbution/,404,NOT FOUND
9VlYxXc8XfOGwtBLCpr3JQ,http://ec.europa.eu/eurostat/cache/metadata/en/tsdph250_esmsip.htm,404,Not Found
9y6hmHxGoMXklW5hAqbgA,http://epp.eurostat.ec.europa.eu/NavTree_prod/everybody/BulkDownloadListing?file=metadata/en/trng_esms.sdmx.zip,503,Service Unavailable
A15DCFxZZdWE8AmJJmGreA,http://epp.eurostat.ec.europa.eu/NavTree_prod/everybody/BulkDownloadListing?file=data/env_ac_aibridg.tsv.gz,503,Service Unavailable
Af3mdjj2XhXWgw3OkFVSvA,http://www.eea.europa.eu/data-and-maps/data/airbase-the-european-air-quality-database-6/es/data/at_download/file,404,Not Found
Af3mdjj2XhXWgw3OkFVSvA,http://www.eea.europa.eu/data-and-maps/data/airbase-the-european-air-quality-database-6/fr/data/at_download/file,404,Not Found
Af3mdjj2XhXWgw3OkFVSvA,http://www.eea.europa.eu/data-and-maps/data/airbase-the-european-air-quality-database-6/it/data/at_download/file,404,Not Found
Af3mdjj2XhXWgw3OkFVSvA,http://www.eea.europa.eu/data-and-maps/data/airbase-the-european-air-quality-database-6/at/data/at_download/file,404,Not Found
Af3mdjj2XhXWgw3OkFVSvA,http://www.eea.europa.eu/data-and-maps/data/airbase-the-european-air-quality-database-6/cz/data/at_download/file,404,Not Found
Af3mdjj2XhXWgw3OkFVSvA,http://www.eea.europa.eu/data-and-maps/data/airbase-the-european-air-quality-database-6/de/data/at_download/file,404,Not Found
Af3mdjj2XhXWgw3OkFVSvA,http://www.eea.europa.eu/data-and-maps/data/airbase-the-european-air-quality-database-6/gb/data/at_download/file,404,Not Found
Af3mdjj2XhXWgw3OkFVSvA,http://www.eea.europa.eu/data-and-maps/data/airbase-the-european-air-quality-database-6/nl/data/at_download/file,404,Not Found
annual-activity-report-2014-of-the-publications-office,http://publications.europa.eu/documents/10530/1406391/03_AAR_2014_Annex+3_Financial_statements.xls/2c9ac4be-af70-4bc5-b233-76b09b60d54b,0,"HTTPConnectionPool(host='publications.europa.eu', port=80): Read timed out. (read timeout=60)"
B6VWmt7GqbxAkRjiOBjTw,http://forest.jrc.ec.europa.eu/efdac/applications/species-distrbution/,404,NOT FOUND
BC0yXmrJXqNmROgBAfrwA,http://ec.europa.eu/eurostat/cache/metadata/en/lcs_esms.htm,404,Not Found
bpAVZYwCCty76dZR6nTIzA,http://www.eea.europa.eu/data-and-maps/data/corine-land-cover-changes-clc1990-clc2000-seamless-vector-database-version-12-2009/corine-land-cover-changes-clc2000-clc2006-shape-file-polygon-features/corine-land-cover-changes-clc2000-clc2006-shape-file-polygon-features/at_download/file,404,Not Found
CgENz5DPy63xCEWHDPvkhQ,http://ec.europa.eu/eurostat/cache/metadata/en/lcs_esms.htm,404,Not Found
cgmSRTpoS2a3JdaENXV5rA,http://digital-agenda-data.eu/data/sparql,400,Bad Request
cmEqQruJFcnSyktbOOzj0w,http://digital-agenda-data.eu/data/sparql,400,Bad Request
commission-buildings-in-luxembourg,http://ec.europa.eu/oil/plans/plan_lux_b_MAEU_fr.pdf,404,(Not Found)
concept-status,http://publications.europa.eu/mdr/resource/authority/concept-status/skos/concept-status-skos.rdf,0,"HTTPConnectionPool(host='publications.europa.eu', port=80): Read timed out. (read timeout=60)"
country,http://publications.europa.eu/resource/authority/country/,500,Internal Server Error
CsDaYqTm5rbsieBKPfD79w,http://ec.europa.eu/eurostat/cache/metadata/en/tsdph260_esmsip.htm,404,Not Found
CsSlLmf4v52907qMBgxVlg,http://ec.europa.eu/eurostat/cache/metadata/en/lcs_esms.htm,404,Not Found
dGvw66M7tc4nTzbCX620A,http://ec.europa.eu/eurostat/estat-navtree-portlet-prod/BulkDownloadListing?file=data/ten00087.tsv.gz,0,"HTTPConnectionPool(host='ec.europa.eu', port=80): Read timed out. (read timeout=60)"
dhNm8PNpHLH9iR3n7Tz9Eg,http://www.eea.europa.eu/data-and-maps/data/population-density-disaggregated-with-corine-land-cover-2000-2/population-density-grid-geotiff-format/population-density-grid-geotiff-format/at_download/file,404,Not Found
digital-agenda-scoreboard-key-indicators,http://digital-agenda-data.eu/data/sparql,400,Bad Request
dLt3vYqO3k2cKtlM05ieuQ,http://forest.jrc.ec.europa.eu/efdac/applications/species-distrbution/,404,NOT FOUND
DpWNLE4HUdjQte15bq0tRQ,http://digital-agenda-data.eu/data/sparql,400,Bad Request
eIM0bd91u5JuIeApljnMew,http://forest.jrc.ec.europa.eu/efdac/applications/species-distrbution/,404,NOT FOUND
EL0e6hxFMvU6OBbRynnlUg,http://digital-agenda-data.eu/data/sparql,400,Bad Request
EOVUsdnfIcXUeibLuyBOg,http://ec.europa.eu/eurostat/cache/metadata/en/lcs_esms.htm,404,Not Found
etDU7wdY7RFzlUrn6cshQ,http://www.eea.europa.eu/data-and-maps/data/clc-2006-vector-data-version-2/243-land-principally-occupied-by/clc06_c243.zip/at_download/file,404,Not Found
etDU7wdY7RFzlUrn6cshQ,http://www.eea.europa.eu/data-and-maps/data/clc-2006-vector-data-version-2/231-pastures/clc06_c231.zip/at_download/file,404,Not Found
etDU7wdY7RFzlUrn6cshQ,http://www.eea.europa.eu/data-and-maps/data/clc-2006-vector-data-version-2/324-transitional-woodland-shrub/clc06_c324.zip/at_download/file,404,Not Found
etDU7wdY7RFzlUrn6cshQ,http://www.eea.europa.eu/data-and-maps/data/clc-2006-vector-data-version-2/312-coniferous-forest/clc06_c312.zip/at_download/file,404,Not Found
etDU7wdY7RFzlUrn6cshQ,http://www.eea.europa.eu/data-and-maps/data/clc-2006-vector-data-version-2/321-natural-grasslands/clc06_c321.zip/at_download/file,404,Not Found
etDU7wdY7RFzlUrn6cshQ,http://www.eea.europa.eu/data-and-maps/data/clc-2006-vector-data-version-2/313-mixed-forest/clc06_c313.zip/at_download/file,404,Not Found
etDU7wdY7RFzlUrn6cshQ,http://www.eea.europa.eu/data-and-maps/data/clc-2006-vector-data-version-2/112-discontinuous-urban-fabric/clc06_c112.zip/at_download/file,404,Not Found
etDU7wdY7RFzlUrn6cshQ,http://www.eea.europa.eu/data-and-maps/data/clc-2006-vector-data-version-2/211-non-irrigated-arable-land/clc06_c211.zip/at_download/file,404,Not Found
etDU7wdY7RFzlUrn6cshQ,http://www.eea.europa.eu/data-and-maps/data/clc-2006-vector-data-version-2/333-sparsely-vegetated-areas/clc06_c333.zip/at_download/file,404,Not Found
etDU7wdY7RFzlUrn6cshQ,http://www.eea.europa.eu/data-and-maps/data/clc-2006-vector-data-version-2/311-broad-leaved-forest/clc06_c311.zip/at_download/file,404,Not Found
etDU7wdY7RFzlUrn6cshQ,http://www.eea.europa.eu/data-and-maps/data/clc-2006-vector-data-version-2/242-complex-cultivation-patterns/clc06_c242.zip/at_download/file,404,Not Found
eu-cohesion-policy-2007-2013-financial-allocations-per-member-state,http://ec.europa.eu/regional_policy/thefunds/funding/xls/amount_allocated_per_member_state.xls,500,Internal Server Error
eu-cohesion-policy-2007-2013-financial-allocations-per-member-state,http://ec.europa.eu/regional_policy/atlas2007/index_en.htm,500,Internal Server Error
eu-cohesion-policy-2007-2013-financial-allocations-per-member-state,http://ec.europa.eu/regional_policy/thefunds/funding/xls/INFOGRAPHIC-what_does_CP_fund_2007-2013_1219.xlsx,500,Internal Server Error
europeaid-iati-afghanistan,http://ec.europa.eu/europeaid/files/iati/EU_AF.xml,404,(Not Found)
europeaid-iati-africa-regional,http://ec.europa.eu/europeaid/files/iati/EU_QMA.xml,404,(Not Found)
europeaid-iati-albania,http://ec.europa.eu/europeaid/files/iati/EU_AL.xml,404,(Not Found)
europeaid-iati-algeria,http://ec.europa.eu/europeaid/files/iati/EU_DZ.xml,404,(Not Found)
europeaid-iati-america-regional,http://ec.europa.eu/europeaid/files/iati/EU_QNA.xml,404,(Not Found)
europeaid-iati-angola,http://ec.europa.eu/europeaid/files/iati/EU_AO.xml,404,(Not Found)
europeaid-iati-anguilla,http://ec.europa.eu/europeaid/files/iati/EU_AI.xml,404,(Not Found)
europeaid-iati-antigua-and-barbuda,http://ec.europa.eu/europeaid/files/iati/EU_AG.xml,404,(Not Found)
europeaid-iati-argentina,http://ec.europa.eu/europeaid/files/iati/EU_AR.xml,404,(Not Found)
europeaid-iati-armenia,http://ec.europa.eu/europeaid/files/iati/EU_AM.xml,404,(Not Found)
europeaid-iati-aruba,http://ec.europa.eu/europeaid/files/iati/EU_AW.xml,404,(Not Found)
europeaid-iati-asia-regional,http://ec.europa.eu/europeaid/files/iati/EU_QRA.xml,404,(Not Found)
europeaid-iati-azerbaijan,http://ec.europa.eu/europeaid/files/iati/EU_AZ.xml,404,(Not Found)
europeaid-iati-bangladesh,http://ec.europa.eu/europeaid/files/iati/EU_BD.xml,404,(Not Found)
europeaid-iati-barbados,http://ec.europa.eu/europeaid/files/iati/EU_BB.xml,404,(Not Found)
europeaid-iati-belarus,http://ec.europa.eu/europeaid/files/iati/EU_BY.xml,404,(Not Found)
europeaid-iati-belize,http://ec.europa.eu/europeaid/files/iati/EU_BZ.xml,404,(Not Found)
europeaid-iati-benin,http://ec.europa.eu/europeaid/files/iati/EU_BJ.xml,404,(Not Found)
europeaid-iati-bhutan,http://ec.europa.eu/europeaid/files/iati/EU_BT.xml,404,(Not Found)
europeaid-iati-bolivia,http://ec.europa.eu/europeaid/files/iati/EU_BO.xml,404,(Not Found)
europeaid-iati-bosnia-herzegovina,http://ec.europa.eu/europeaid/files/iati/EU_BA.xml,404,(Not Found)
europeaid-iati-botswana,http://ec.europa.eu/europeaid/files/iati/EU_BW.xml,404,(Not Found)
europeaid-iati-brazil,http://ec.europa.eu/europeaid/files/iati/EU_BR.xml,404,(Not Found)
europeaid-iati-burkina-faso,http://ec.europa.eu/europeaid/files/iati/EU_BF.xml,404,(Not Found)
europeaid-iati-burundi,http://ec.europa.eu/europeaid/files/iati/EU_BI.xml,404,(Not Found)
europeaid-iati-cambodia,http://ec.europa.eu/europeaid/files/iati/EU_KH.xml,404,(Not Found)
europeaid-iati-cameroon,http://ec.europa.eu/europeaid/files/iati/EU_CM.xml,404,(Not Found)
europeaid-iati-cape-verde,http://ec.europa.eu/europeaid/files/iati/EU_CV.xml,404,(Not Found)
europeaid-iati-central-african-republic,http://ec.europa.eu/europeaid/files/iati/EU_CF.xml,404,(Not Found)
europeaid-iati-central-asia-regional,http://ec.europa.eu/europeaid/files/iati/EU_QRS.xml,404,(Not Found)
europeaid-iati-chad,http://ec.europa.eu/europeaid/files/iati/EU_TD.xml,404,(Not Found)
europeaid-iati-chile,http://ec.europa.eu/europeaid/files/iati/EU_CL.xml,404,(Not Found)
europeaid-iati-china,http://ec.europa.eu/europeaid/files/iati/EU_CN.xml,404,(Not Found)
europeaid-iati-colombia,http://ec.europa.eu/europeaid/files/iati/EU_CO.xml,404,(Not Found)
europeaid-iati-comoros,http://ec.europa.eu/europeaid/files/iati/EU_KM.xml,404,(Not Found)
europeaid-iati-congo,http://ec.europa.eu/europeaid/files/iati/EU_CG.xml,404,(Not Found)
europeaid-iati-cook-islands,http://ec.europa.eu/europeaid/files/iati/EU_CK.xml,404,(Not Found)
europeaid-iati-costa-rica,http://ec.europa.eu/europeaid/files/iati/EU_CR.xml,404,(Not Found)
europeaid-iati-cote-d-ivoire,http://ec.europa.eu/europeaid/files/iati/EU_CI.xml,404,(Not Found)
europeaid-iati-croatia,http://ec.europa.eu/europeaid/files/iati/EU_HR.xml,404,(Not Found)
europeaid-iati-cuba,http://ec.europa.eu/europeaid/files/iati/EU_CU.xml,404,(Not Found)
europeaid-iati-cyprus,http://ec.europa.eu/europeaid/files/iati/EU_CY.xml,404,(Not Found)
europeaid-iati-democratic-republic-of-the-congo,http://ec.europa.eu/europeaid/files/iati/EU_CD.xml,404,(Not Found)
europeaid-iati-djibouti,http://ec.europa.eu/europeaid/files/iati/EU_DJ.xml,404,(Not Found)
europeaid-iati-dominica,http://ec.europa.eu/europeaid/files/iati/EU_DM.xml,404,(Not Found)
europeaid-iati-dominican-republic,http://ec.europa.eu/europeaid/files/iati/EU_DO.xml,404,(Not Found)
europeaid-iati-ecuador,http://ec.europa.eu/europeaid/files/iati/EU_EC.xml,404,(Not Found)
europeaid-iati-egypt,http://ec.europa.eu/europeaid/files/iati/EU_EG.xml,404,(Not Found)
europeaid-iati-el-salvador,http://ec.europa.eu/europeaid/files/iati/EU_SV.xml,404,(Not Found)
europeaid-iati-eritrea,http://ec.europa.eu/europeaid/files/iati/EU_ER.xml,404,(Not Found)
europeaid-iati-ethiopia,http://ec.europa.eu/europeaid/files/iati/EU_ET.xml,404,(Not Found)
europeaid-iati-europe-regional,http://ec.europa.eu/europeaid/files/iati/EU_QSA.xml,404,(Not Found)
europeaid-iati-falkland-islands,http://ec.europa.eu/europeaid/files/iati/EU_FK.xml,404,(Not Found)
europeaid-iati-far-east-asia-regional,http://ec.europa.eu/europeaid/files/iati/EU_QRB.xml,404,(Not Found)
europeaid-iati-fiji,http://ec.europa.eu/europeaid/files/iati/EU_FJ.xml,404,(Not Found)
europeaid-iati-french-polynesia,http://ec.europa.eu/europeaid/files/iati/EU_PF.xml,404,(Not Found)
europeaid-iati-gabon,http://ec.europa.eu/europeaid/files/iati/EU_GA.xml,404,(Not Found)
europeaid-iati-gambia,http://ec.europa.eu/europeaid/files/iati/EU_GM.xml,404,(Not Found)
europeaid-iati-georgia,http://ec.europa.eu/europeaid/files/iati/EU_GE.xml,404,(Not Found)
europeaid-iati-ghana,http://ec.europa.eu/europeaid/files/iati/EU_GH.xml,404,(Not Found)
europeaid-iati-greenland,http://ec.europa.eu/europeaid/files/iati/EU_GL.xml,404,(Not Found)
europeaid-iati-grenada,http://ec.europa.eu/europeaid/files/iati/EU_GD.xml,404,(Not Found)
europeaid-iati-guatemala,http://ec.europa.eu/europeaid/files/iati/EU_GT.xml,404,(Not Found)
europeaid-iati-guinea,http://ec.europa.eu/europeaid/files/iati/EU_GN.xml,404,(Not Found)
europeaid-iati-guinea-bissau,http://ec.europa.eu/europeaid/files/iati/EU_GW.xml,404,(Not Found)
europeaid-iati-guyana,http://ec.europa.eu/europeaid/files/iati/EU_GY.xml,404,(Not Found)
europeaid-iati-haiti,http://ec.europa.eu/europeaid/files/iati/EU_HT.xml,404,(Not Found)
europeaid-iati-honduras,http://ec.europa.eu/europeaid/files/iati/EU_HN.xml,404,(Not Found)
europeaid-iati-hong-kong,http://ec.europa.eu/europeaid/files/iati/EU_HK.xml,404,(Not Found)
europeaid-iati-india,http://ec.europa.eu/europeaid/files/iati/EU_IN.xml,404,(Not Found)
europeaid-iati-indonesia,http://ec.europa.eu/europeaid/files/iati/EU_ID.xml,404,(Not Found)
europeaid-iati-iran,http://ec.europa.eu/europeaid/files/iati/EU_IR.xml,404,(Not Found)
europeaid-iati-iraq,http://ec.europa.eu/europeaid/files/iati/EU_IQ.xml,404,(Not Found)
europeaid-iati-israel,http://ec.europa.eu/europeaid/files/iati/EU_IL.xml,404,(Not Found)
europeaid-iati-jamaica,http://ec.europa.eu/europeaid/files/iati/EU_JM.xml,404,(Not Found)
europeaid-iati-jordan,http://ec.europa.eu/europeaid/files/iati/EU_JO.xml,404,(Not Found)
europeaid-iati-kazakhstan,http://ec.europa.eu/europeaid/files/iati/EU_KZ.xml,404,(Not Found)
europeaid-iati-kenya,http://ec.europa.eu/europeaid/files/iati/EU_KE.xml,404,(Not Found)
europeaid-iati-kosovo,http://ec.europa.eu/europeaid/files/iati/EU_XK.xml,404,(Not Found)
europeaid-iati-kribati,http://ec.europa.eu/europeaid/files/iati/EU_KI.xml,404,(Not Found)
europeaid-iati-kyrgyzstan,http://ec.europa.eu/europeaid/files/iati/EU_KG.xml,404,(Not Found)
europeaid-iati-laos,http://ec.europa.eu/europeaid/files/iati/EU_LA.xml,404,(Not Found)
europeaid-iati-lebanon,http://ec.europa.eu/europeaid/files/iati/EU_LB.xml,404,(Not Found)
europeaid-iati-lesotho,http://ec.europa.eu/europeaid/files/iati/EU_LS.xml,404,(Not Found)
europeaid-iati-liberia,http://ec.europa.eu/europeaid/files/iati/EU_LR.xml,404,(Not Found)
europeaid-iati-libya,http://ec.europa.eu/europeaid/files/iati/EU_LY.xml,404,(Not Found)
europeaid-iati-lithuania,http://ec.europa.eu/europeaid/files/iati/EU_LT.xml,404,(Not Found)
europeaid-iati-luxembourg,http://ec.europa.eu/europeaid/files/iati/EU_LU.xml,404,(Not Found)
europeaid-iati-macedonia,http://ec.europa.eu/europeaid/files/iati/EU_MK.xml,404,(Not Found)
europeaid-iati-madagascar,http://ec.europa.eu/europeaid/files/iati/EU_MG.xml,404,(Not Found)
europeaid-iati-malawi,http://ec.europa.eu/europeaid/files/iati/EU_MW.xml,404,(Not Found)
europeaid-iati-malaysia,http://ec.europa.eu/europeaid/files/iati/EU_MY.xml,404,(Not Found)
europeaid-iati-maldives,http://ec.europa.eu/europeaid/files/iati/EU_MV.xml,404,(Not Found)
europeaid-iati-mali,http://ec.europa.eu/europeaid/files/iati/EU_ML.xml,404,(Not Found)
europeaid-iati-marshall-islands,http://ec.europa.eu/europeaid/files/iati/EU_MH.xml,404,(Not Found)
europeaid-iati-mauritania,http://ec.europa.eu/europeaid/files/iati/EU_MR.xml,404,(Not Found)
europeaid-iati-mauritius,http://ec.europa.eu/europeaid/files/iati/EU_MU.xml,404,(Not Found)
europeaid-iati-mayotte,http://ec.europa.eu/europeaid/files/iati/EU_YT.xml,404,(Not Found)
europeaid-iati-mexico,http://ec.europa.eu/europeaid/files/iati/EU_MX.xml,404,(Not Found)
europeaid-iati-micronesia,http://ec.europa.eu/europeaid/files/iati/EU_FM.xml,404,(Not Found)
europeaid-iati-middle-east,http://ec.europa.eu/europeaid/files/iati/EU_QRE.xml,404,(Not Found)
europeaid-iati-moldova,http://ec.europa.eu/europeaid/files/iati/EU_MD.xml,404,(Not Found)
europeaid-iati-mongolia,http://ec.europa.eu/europeaid/files/iati/EU_MN.xml,404,(Not Found)
europeaid-iati-montenegro,http://ec.europa.eu/europeaid/files/iati/EU_ME.xml,404,(Not Found)
europeaid-iati-montserrat,http://ec.europa.eu/europeaid/files/iati/EU_MS.xml,404,(Not Found)
europeaid-iati-morocco,http://ec.europa.eu/europeaid/files/iati/EU_MA.xml,404,(Not Found)
europeaid-iati-mozambique,http://ec.europa.eu/europeaid/files/iati/EU_MZ.xml,404,(Not Found)
europeaid-iati-myanmar,http://ec.europa.eu/europeaid/files/iati/EU_MM.xml,404,(Not Found)
europeaid-iati-namibia,http://ec.europa.eu/europeaid/files/iati/EU_NA.xml,404,(Not Found)
europeaid-iati-nepal,http://ec.europa.eu/europeaid/files/iati/EU_NP.xml,404,(Not Found)
europeaid-iati-new-caledonia,http://ec.europa.eu/europeaid/files/iati/EU_NC.xml,404,(Not Found)
europeaid-iati-nicaragua,http://ec.europa.eu/europeaid/files/iati/EU_NI.xml,404,(Not Found)
europeaid-iati-niger,http://ec.europa.eu/europeaid/files/iati/EU_NI.xml,404,(Not Found)
europeaid-iati-nigeria,http://ec.europa.eu/europeaid/files/iati/EU_NG.xml,404,(Not Found)
europeaid-iati-north-and-central-america,http://ec.europa.eu/europeaid/files/iati/EU_QNC.xml,404,(Not Found)
europeaid-iati-north-of-sahara-regional,http://ec.europa.eu/europeaid/files/iati/EU_QMD.xml,404,(Not Found)
europeaid-iati-oceania-regional,http://ec.europa.eu/europeaid/files/iati/EU_QTA.xml,404,(Not Found)
europeaid-iati-pakistan,http://ec.europa.eu/europeaid/files/iati/EU_PK.xml,404,(Not Found)
europeaid-iati-palau,http://ec.europa.eu/europeaid/files/iati/EU_PW.xml,404,(Not Found)
europeaid-iati-palestine,http://ec.europa.eu/europeaid/files/iati/EU_PS.xml,404,(Not Found)
europeaid-iati-panama,http://ec.europa.eu/europeaid/files/iati/EU_PA.xml,404,(Not Found)
europeaid-iati-papua-new-guinea,http://ec.europa.eu/europeaid/files/iati/EU_PG.xml,404,(Not Found)
europeaid-iati-paraguay,http://ec.europa.eu/europeaid/files/iati/EU_PY.xml,404,(Not Found)
europeaid-iati-peru,http://ec.europa.eu/europeaid/files/iati/EU_PE.xml,404,(Not Found)
europeaid-iati-philippines,http://ec.europa.eu/europeaid/files/iati/EU_PH.xml,404,(Not Found)
europeaid-iati-pitcairn-islands,http://ec.europa.eu/europeaid/files/iati/EU_PN.xml,404,(Not Found)
europeaid-iati-russia,http://ec.europa.eu/europeaid/files/iati/EU_RU.xml,404,(Not Found)
europeaid-iati-rwanda,http://ec.europa.eu/europeaid/files/iati/EU_RW.xml,404,(Not Found)
europeaid-iati-saint-pierre-and-miquelon,http://ec.europa.eu/europeaid/files/iati/EU_PM.xml,404,(Not Found)
europeaid-iati-samoa,http://ec.europa.eu/europeaid/files/iati/EU_WS.xml,404,(Not Found)
europeaid-iati-sao-tome-and-principe,http://ec.europa.eu/europeaid/files/iati/EU_ST.xml,404,(Not Found)
europeaid-iati-senegal,http://ec.europa.eu/europeaid/files/iati/EU_SN.xml,404,(Not Found)
europeaid-iati-serbia,http://ec.europa.eu/europeaid/files/iati/EU_RS.xml,404,(Not Found)
europeaid-iati-serbia-and-montenegro,http://ec.europa.eu/europeaid/files/iati/EU_CS.xml,404,(Not Found)
europeaid-iati-seychelles,http://ec.europa.eu/europeaid/files/iati/EU_SC.xml,404,(Not Found)
europeaid-iati-sierra-leone,http://ec.europa.eu/europeaid/files/iati/EU_SL.xml,404,(Not Found)
europeaid-iati-slovenia,http://ec.europa.eu/europeaid/files/iati/EU_SI.xml,404,(Not Found)
europeaid-iati-solomon-islands,http://ec.europa.eu/europeaid/files/iati/EU_SB.xml,404,(Not Found)
europeaid-iati-somalia,http://ec.europa.eu/europeaid/files/iati/EU_SO.xml,404,(Not Found)
europeaid-iati-south-africa,http://ec.europa.eu/europeaid/files/iati/EU_ZA.xml,404,(Not Found)
europeaid-iati-south-america,http://ec.europa.eu/europeaid/files/iati/EU_QNE.xml,404,(Not Found)
europeaid-iati-south-asia-regional,http://ec.europa.eu/europeaid/files/iati/EU_QRC.xml,404,(Not Found)
europeaid-iati-south-central-asia-regional,http://ec.europa.eu/europeaid/files/iati/EU_QRD.xml,404,(Not Found)
europeaid-iati-south-korea,http://ec.europa.eu/europeaid/files/iati/EU_KP.xml,404,(Not Found)
europeaid-iati-south-sahara-regional,http://ec.europa.eu/europeaid/files/iati/EU_QME.xml,404,(Not Found)
europeaid-iati-south-sudan,http://ec.europa.eu/europeaid/files/iati/EU_SS.xml,404,(Not Found)
europeaid-iati-spain,http://ec.europa.eu/europeaid/files/iati/EU_ES.xml,404,(Not Found)
europeaid-iati-sri-lanka,http://ec.europa.eu/europeaid/files/iati/EU_LK.xml,404,(Not Found)
europeaid-iati-states-ex-yugoslavia,http://ec.europa.eu/europeaid/files/iati/EU_QYU.xml,404,(Not Found)
europeaid-iati-st-helena,http://ec.europa.eu/europeaid/files/iati/EU_SH.xml,404,(Not Found)
europeaid-iati-st-kitts-nevis,http://ec.europa.eu/europeaid/files/iati/EU_KN.xml,404,(Not Found)
europeaid-iati-st-lucia,http://ec.europa.eu/europeaid/files/iati/EU_LC.xml,404,(Not Found)
europeaid-iati-st-vincent-grenadines,http://ec.europa.eu/europeaid/files/iati/EU_VC.xml,404,(Not Found)
europeaid-iati-sudan,http://ec.europa.eu/europeaid/files/iati/EU_SD.xml,404,(Not Found)
europeaid-iati-suriname,http://ec.europa.eu/europeaid/files/iati/EU_SR.xml,404,(Not Found)
europeaid-iati-swaziland,http://ec.europa.eu/europeaid/files/iati/EU_SZ.xml,404,(Not Found)
europeaid-iati-syria,http://ec.europa.eu/europeaid/files/iati/EU_SY.xml,404,(Not Found)
europeaid-iati-taiwan,http://ec.europa.eu/europeaid/files/iati/EU_TW.xml,404,(Not Found)
europeaid-iati-tajikistan,http://ec.europa.eu/europeaid/files/iati/EU_TJ.xml,404,(Not Found)
europeaid-iati-tanzania,http://ec.europa.eu/europeaid/files/iati/EU_TZ.xml,404,(Not Found)
europeaid-iati-thailand,http://ec.europa.eu/europeaid/files/iati/EU_TH.xml,404,(Not Found)
europeaid-iati-timor-leste,http://ec.europa.eu/europeaid/files/iati/EU_TL.xml,404,(Not Found)
europeaid-iati-togo,http://ec.europa.eu/europeaid/files/iati/EU_TG.xml,404,(Not Found)
europeaid-iati-tonga,http://ec.europa.eu/europeaid/files/iati/EU_TO.xml,404,(Not Found)
europeaid-iati-trinidad-and-tobago,http://ec.europa.eu/europeaid/files/iati/EU_TT.xml,404,(Not Found)
europeaid-iati-tunisia,http://ec.europa.eu/europeaid/files/iati/EU_TN.xml,404,(Not Found)
europeaid-iati-turkey,http://ec.europa.eu/europeaid/files/iati/EU_TR.xml,404,(Not Found)
europeaid-iati-turkmenistan,http://ec.europa.eu/europeaid/files/iati/EU_TM.xml,404,(Not Found)
europeaid-iati-turks-and-caicos-islands,http://ec.europa.eu/europeaid/files/iati/EU_TC.xml,404,(Not Found)
europeaid-iati-tuvalu,http://ec.europa.eu/europeaid/files/iati/EU_TV.xml,404,(Not Found)
europeaid-iati-uganda,http://ec.europa.eu/europeaid/files/iati/EU_UG.xml,404,(Not Found)
europeaid-iati-ukraine,http://ec.europa.eu/europeaid/files/iati/EU_UA.xml,404,(Not Found)
europeaid-iati-uruguay,http://ec.europa.eu/europeaid/files/iati/EU_UY.xml,404,(Not Found)
europeaid-iati-uzbekistan,http://ec.europa.eu/europeaid/files/iati/EU_UZ.xml,404,(Not Found)
europeaid-iati-vanuatu,http://ec.europa.eu/europeaid/files/iati/EU_VU.xml,404,(Not Found)
europeaid-iati-venezuela,http://ec.europa.eu/europeaid/files/iati/EU_VE.xml,404,(Not Found)
europeaid-iati-vietnam,http://ec.europa.eu/europeaid/files/iati/EU_VN.xml,404,(Not Found)
europeaid-iati-wallis-and-futuna,http://ec.europa.eu/europeaid/files/iati/EU_WF.xml,404,(Not Found)
europeaid-iati-west-indies-regional,http://ec.europa.eu/europeaid/files/iati/EU_QNB.xml,404,(Not Found)
europeaid-iati-yemen,http://ec.europa.eu/europeaid/files/iati/EU_YE.xml,404,(Not Found)
europeaid-iati-zambia,http://ec.europa.eu/europeaid/files/iati/EU_ZM.xml,404,(Not Found)
europeaid-iati-zimbabwe,http://ec.europa.eu/europeaid/files/iati/EU_ZW.xml,404,(Not Found)
eurovoc,http://eurovoc.europa.eu/drupal/sites/all/files/eurovoc-consolidated.owl,403,Forbidden
eurovoc,http://eurovoc.europa.eu/drupal/sites/all/files/eurovoc-consolidated.owl,403,Forbidden
eurovoc,http://eurovoc.europa.eu/drupal/?q=abouteurovoc,403,Forbidden
eurovoc,http://eurovoc.europa.eu/drupal/?q=help,403,Forbidden
eurovoc,http://eurovoc.europa.eu/drupal/?q=ontology,403,Forbidden
eurovoc,http://eurovoc.europa.eu/drupal/?q=legalnotice,403,Forbidden
eurovoc_eclas,http://www.eionet.europa.eu/ECLAS (European Commission Library Thesaurus)/,404,Not Found
eV0beJ1OCVC7BiRRkZw,http://ec.europa.eu/eurostat/estat-navtree-portlet-prod/BulkDownloadListing?file=metadata/en/ilc_esms.sdmx.zip,502,Proxy Error
exFjbGsuoZPnvyt7ztzSBA,http://forest.jrc.ec.europa.eu/efdac/applications/species-distrbution/,404,NOT FOUND
eYJEhuO7H48oZV3W6eb7Q,http://www.eea.europa.eu/data-and-maps/data/corine-land-cover/corine-land-cover-changes-vector/cha00_06_spatialite.zip/at_download/file,404,Not Found
eYJEhuO7H48oZV3W6eb7Q,http://www.eea.europa.eu/data-and-maps/data/corine-land-cover/corine-land-cover-changes-vector/cha00_06_shp.zip/at_download/file,404,Not Found
f1uaRpYU6qDkufx8yFt8XA,http://ec.europa.eu/eurostat/cache/metadata/en/lcs_esms.htm,404,Not Found
FdvSrK6Gycu7T1N5Iu7JYQ,http://ec.europa.eu/eurostat/cache/metadata/en/lcs_esms.htm,404,Not Found
Fe7nrhrI7Sll6Y6dXQKqQ,http://ec.europa.eu/eurostat/cache/metadata/en/fish_pr_00_esms.htm,404,Not Found
fifth-european-working-conditions-survey-2010,http://www.eurofound.europa.eu/surveys/smt/ewcs/results.htm,404,Not Found
fifth-european-working-conditions-survey-2010,http://www.eurofound.europa.eu/surveys/ewcs/2010/documents/table4.csvhttp://www.eurofound.europa.eu/surveys/ewcs/2010/documents/table4.csv,404,Not Found
file-type,http://publications.europa.eu/mdr/resource/authority/file-type/skos/filetypes-skos.rdf,0,"HTTPConnectionPool(host='publications.europa.eu', port=80): Read timed out. (read timeout=60)"
formjug,http://publications.europa.eu/mdr/resource/authority/formjug/skos/formjug.rdf,404,Not Found
FrncAPhjQtDNtLhKk3KSA,http://digital-agenda-data.eu/data/sparql,400,Bad Request
gender-training-resources,http://eige.europa.eu/resources/gender-training/csv,404,Not Found
gender-training-resources,http://eige.europa.eu/resources/gender-training/xml,404,Not Found
GkHMLNk20HHmUuj5ehOkeg,http://digital-agenda-data.eu/data/sparql,400,Bad Request
good-practices-in-combating-fgm,http://eige.europa.eu/good-practices/female-genital-mutilation/csv,404,Not Found
good-practices-in-combating-fgm,http://eige.europa.eu/sites/default/files/EIGE-Report-FGM-in-the-EU-and-Croatia_0.pdf,404,Not Found
good-practices-in-combating-fgm,http://eige.europa.eu/good-practices/female-genital-mutilation/xml,404,Not Found
good-practices-in-gender-training,http://eige.europa.eu/good-practices/gender-training/csv,404,Not Found
good-practices-in-gender-training,http://eige.europa.eu/good-practices/gender-training/xml,404,Not Found
good-practices-on-prevention-and-protection-from-domestic-violence,http://eige.europa.eu/good-practices/domestic-violence/csv,404,Not Found
good-practices-on-prevention-and-protection-from-domestic-violence,http://eige.europa.eu/good-practices/domestic-violence/xml,404,Not Found
good-practices-on-prevention-and-protection-from-domestic-violence,http://eige.europa.eu/sites/default/files/documents/EIGE-methodogical%20approach%20on%20Domestic%20Violence.pdf,404,Not Found
GwlNdjxzHlBQmJn8tYmw,http://digital-agenda-data.eu/data/sparql,400,Bad Request
gYa9WWHPASngor64nfpwcg,http://digital-agenda-data.eu/data/sparql,400,Bad Request
h2HTIbZPTr4bozhzRph1fA,http://prtr.ec.europa.eu/rdf/PollutantRelease.rdf,404,Not Found
h2HTIbZPTr4bozhzRph1fA,http://prtr.ec.europa.eu/rdf/WasteTransfer.rdf,404,Not Found
h2HTIbZPTr4bozhzRph1fA,http://prtr.ec.europa.eu/rdf/FacilityID_Changes.rdf,404,Not Found
h2HTIbZPTr4bozhzRph1fA,http://prtr.ec.europa.eu/rdf/WasteTransferMethodUsed.rdf,404,Not Found
h2HTIbZPTr4bozhzRph1fA,http://prtr.ec.europa.eu/rdf/PollutantTransfer.rdf,404,Not Found
h2HTIbZPTr4bozhzRph1fA,http://prtr.ec.europa.eu/rdf/Facility.rdf,404,Not Found
h2HTIbZPTr4bozhzRph1fA,http://prtr.ec.europa.eu/rdf/CompetentAuthority.rdf,404,Not Found
h2HTIbZPTr4bozhzRph1fA,http://prtr.ec.europa.eu/rdf/PollutantTransferMethodUsed.rdf,404,Not Found
h2HTIbZPTr4bozhzRph1fA,http://prtr.ec.europa.eu/rdf/Activity.rdf,404,Not Found
h2HTIbZPTr4bozhzRph1fA,http://prtr.ec.europa.eu/rdf/PollutantReleaseMethodUsed.rdf,404,Not Found
h2HTIbZPTr4bozhzRph1fA,http://prtr.ec.europa.eu/rdf/lookuptables.rdf,404,Not Found
h2HTIbZPTr4bozhzRph1fA,http://prtr.ec.europa.eu/rdf/UploadedReports.rdf,404,Not Found
h2HTIbZPTr4bozhzRph1fA,http://prtr.ec.europa.eu/rdf/FacilityReport.rdf,404,Not Found
hdNgCkLHQD1dtsyE93u0Q,http://digital-agenda-data.eu/data/sparql,400,Bad Request
HeSVcz76CqvMyf4C6Keg,http://ec.europa.eu/eurostat/cache/metadata/en/lcs_esms.htm,404,Not Found
iati-bhutan-eu-aid-2012,http://ec.europa.eu/europeaid/files/iati/EU_BT.xml,404,(Not Found)
icwi3x0V4oOS6E6sy9va0w,http://ec.europa.eu/eurostat/cache/metadata/en/lcs_esms.htm,404,Not Found
IlmyB8aIZ0k9n8oveHYXzw,http://ec.europa.eu/eurostat/cache/metadata/en/lcs_esms.htm,404,Not Found
IlVFO3IbAjJjrTcHTBR1g,http://ec.europa.eu/food/food/chemicalsafety/additives/index_en.htm,404,(Not Found)
intelligent-energy-europe-project-database,http://ec.europa.eu/energy/intelligent/projects/en/beneficiaries-list.xml,0,"HTTPConnectionPool(host='ec.europa.eu', port=80): Read timed out. (read timeout=60)"
iYbOiWXW9Ux9RPXEaHIRw,http://ec.europa.eu/eurostat/cache/metadata/en/fish_pr_00_esms.htm,404,Not Found
iYyt64dJIpwdG9x9Vhyd0w,http://ec.europa.eu/eurostat/cache/metadata/en/tsdec220_esmsip.htm,404,Not Found
jrc-names,ftp://cidportal.jrc.ec.europa.eu/jrc-opendata/EMM/JRC-Names/LATEST/RDF-STATS-entity.txt,0,550 Can't change directory to /jrc-opendata/EMM/JRC-Names/LATEST/RDF-STATS-entity.txt: Not a directory
jrc-names,ftp://cidportal.jrc.ec.europa.eu/jrc-opendata/EMM/JRC-Names/LATEST/jrcNamesModel.rdf,0,550 Can't change directory to /jrc-opendata/EMM/JRC-Names/LATEST/jrcNamesModel.rdf: Not a directory
jrc-names,ftp://cidportal.jrc.ec.europa.eu/jrc-opendata/EMM/JRC-Names/LATEST/jrcnames_uri.zip,0,550 Can't change directory to /jrc-opendata/EMM/JRC-Names/LATEST/jrcnames_uri.zip: Not a directory
jsGnfzXywba4YThbDaqGjg,http://www.eea.europa.eu/data-and-maps/data/natura-2/natura-2000-spatial-data/natura-2000-shapefile/at_download/file,404,Not Found
jsGnfzXywba4YThbDaqGjg,http://www.eea.europa.eu/data-and-maps/data/natura-2/natura-2000-spatial-data/natura-2000-spatial-lite/at_download/file,404,Not Found
JVeJvKKcngqr8y56RkXBMQ,http://www.eea.europa.eu/data-and-maps/data/reference-grid-for-land-cover-accounts-leac/zipped-shape-file-eea-reference-grid-1k-vector-data-polygon-leac-coverage/zipped-shape-file-eea-reference-grid-1k-vector-data-polygon-leac-coverage/at_download/file,404,Not Found
k4Xds9ZoVd5jDg8Jbol7w,http://eunis.eea.europa.eu/rdf/taxonomies.rdf.gz,404,Not Found
knlYDKaQs43FVwT5biHWQ,http://ec.europa.eu/eurostat/cache/metadata/en/ten00064_esmsip.htm,404,Not Found
KUWEg24ZZ8uLkf5u9f0UvQ,http://digital-agenda-data.eu/data/sparql,400,Bad Request
l45QTHukOlWkQhNwVEYnog,http://digital-agenda-data.eu/data/sparql,400,Bad Request
legal-definitions-on-gbv,http://eige.europa.eu/gender-based-violence/legal-definitions/csv,404,Not Found
legal-definitions-on-gbv,http://eige.europa.eu/gender-based-violence/legal-definitions/xml,404,Not Found
LqNZASZCbo6uNucdBD7g,http://forest.jrc.ec.europa.eu/efdac/applications/species-distrbution/,404,NOT FOUND
methods-and-tools-on-combating-female-genital-mutilation,http://eige.europa.eu/sites/default/files/EIGE-Report-FGM-in-the-EU-and-Croatia_0.pdf,404,Not Found
methods-and-tools-on-combating-female-genital-mutilation,http://eige.europa.eu/methods-and-tools/female-genital-mutilation/csv,404,Not Found
methods-and-tools-on-combating-female-genital-mutilation,http://eige.europa.eu/methods-and-tools/female-genital-mutilation/xml,404,Not Found
methods-and-tools-on-prevention-and-protection-from-domestic-violence,http://eige.europa.eu/methods-and-tools/domestic-violence/csv,404,Not Found
methods-and-tools-on-prevention-and-protection-from-domestic-violence,http://eige.europa.eu/methods-and-tools/domestic-violence/xml,404,Not Found
NaUJDKauIkIWX0YFtDz86Q,http://digital-agenda-data.eu/data/sparql,400,Bad Request
non-EEA_CCP,http://www.esma.europa.eu/content/List-central-counterparties-CCPs-established-non-EEA-countries,404,Not Found
number,http://publications.europa.eu/mdr/resource/authority/number/skos/numbers-skos.rdf,0,"HTTPConnectionPool(host='publications.europa.eu', port=80): Read timed out. (read timeout=60)"
o9fmPZ8xTRdgj9isoAq1w,http://digital-agenda-data.eu/data/sparql,400,Bad Request
official-journals-of-the-european-union-2013-collection,http://open-data.europa.eu/repository/ec/publ/op-jo-formex/JOxFMX_2013/,404,Not Found
official-journals-of-the-european-union-2013-collection,http://open-data.europa.eu/repository/ec/publ/op-jo-formex/JOx_FMX_SV/JOx_FMX_FR_2013.ZIP,404,Not Found
official-journals-of-the-european-union-in-english,http://formex.publications.europa.eu/,0,"HTTPConnectionPool(host='formex.publications.europa.eu', port=80): Read timed out. (read timeout=60)"
official-journals-of-the-european-union-in-english,http://open-data.europa.eu/repository/ec/publ/op-jo-formex/JOx_FMX_EN/JOx_FMX_2004_NoExt/.ZIP,404,Not Found
official-journals-of-the-european-union-in-english,http://eur-lex.europa.eu/oj/direct-access.html,0,"HTTPConnectionPool(host='eur-lex.europa.eu', port=80): Read timed out. (read timeout=60)"
oFIgsvhnWZGLAiLfzLVlg,http://ec.europa.eu/eurostat/estat-navtree-portlet-prod/BulkDownloadListing?file=data/ilc_lk11.tsv.gz,0,"HTTPConnectionPool(host='ec.europa.eu', port=80): Read timed out. (read timeout=60)"
OgTCOtWHivR2L0KBfk7yRw,http://digital-agenda-data.eu/data/sparql,400,Bad Request
oPmMlmiJHOAfOMlLBSZnQ,http://forest.jrc.ec.europa.eu/efdac/applications/species-distrbution/,404,NOT FOUND
oQkPrD9jjyB4vBcAKy0KQ,http://forest.jrc.ec.europa.eu/efdac/applications/species-distrbution/,404,NOT FOUND
p2gF34JQLngFFb3ieaPUg,http://ec.europa.eu/eurostat/cache/metadata/en/lcs_esms.htm,404,Not Found
P9Jqr9iu20kccTtn4lRw,http://digital-agenda-data.eu/data/sparql,400,Bad Request
PFM3harj8pMfNHTiQGr9IQ,http://digital-agenda-data.eu/data/sparql,400,Bad Request
place,http://publications.europa.eu/mdr/resource/authority/place/skos/places-skos.rdf,0,"HTTPConnectionPool(host='publications.europa.eu', port=80): Read timed out. (read timeout=60)"
pPHy68omI169G3bRKEBthA,http://forest.jrc.ec.europa.eu/efdac/applications/species-distrbution/,404,NOT FOUND
procjur,http://publications.europa.eu/mdr/resource/authority/procjur/skos/procjur.rdf,404,Not Found
procresult,http://publications.europa.eu/mdr/resource/authority/procresult/skos/procresult.rdf,404,Not Found
PY7AnlFr46ANQZvz1nAhcg,http://digital-agenda-data.eu/data/sparql,400,Bad Request
QfZpvm83bNaQyBWPZkTA,http://digital-agenda-data.eu/data/sparql,400,Bad Request
qhYrMkxIf4ZyNo7L3ks61Q,http://ec.europa.eu/eurostat/cache/metadata/en/lcs_esms.htm,404,Not Found
Qsmp9eYt7pevKSJQQyPxWA,http://ec.europa.eu/eurostat/cache/metadata/en/lcs_esms.htm,404,Not Found
Qy2SqiyZymN4kyxvFCGvg,http://forest.jrc.ec.europa.eu/efdac/applications/species-distrbution/,404,NOT FOUND
qzMOo21jz9PDCYePkrmVFw,http://ec.europa.eu/eurostat/cache/metadata/en/tipslm_esms.htm,404,Not Found
r0WIvGUMrN5oPp2SE00rg,http://ec.europa.eu/eurostat/cache/metadata/en/lcs_esms.htm,404,Not Found
resources-on-domestic-violence,http://eige.europa.eu/resources/domestic-violence/csv,404,Not Found
resources-on-domestic-violence,http://eige.europa.eu/resources/domestic-violence/xml,404,Not Found
resources-on-fgm,http://eige.europa.eu/sites/default/files/EIGE-Report-FGM-in-the-EU-and-Croatia_0.pdf,404,Not Found
resources-on-fgm,http://eige.europa.eu/resources/female-genital-mutilation/csv,404,Not Found
resources-on-fgm,http://eige.europa.eu/resources/female-genital-mutilation/xml,404,Not Found
resource-type,http://publications.europa.eu/mdr/resource/authority/resource-type/skos/resourcetypes-skos.rdf,0,"HTTPConnectionPool(host='publications.europa.eu', port=80): Read timed out. (read timeout=60)"
RHUo8ljljNOtjS7t24g,http://digital-agenda-data.eu/data/sparql,400,Bad Request
rkYEFCGUWoIDdjuDqNx3Q,http://forest.jrc.ec.europa.eu/efdac/applications/species-distrbution/,404,NOT FOUND
role,http://publications.europa.eu/mdr/resource/authority/role/skos/roles-skos.rdf,0,"HTTPConnectionPool(host='publications.europa.eu', port=80): Read timed out. (read timeout=60)"
RPtUMSzcJUGU5ruw8rBuQ,http://www.eea.europa.eu/data-and-maps/data/eea-reference-grids-1/eea-reference-grid-100-km/norway.zip/at_download/file,404,Not Found
RPtUMSzcJUGU5ruw8rBuQ,http://www.eea.europa.eu/data-and-maps/data/eea-reference-grids-1/eea-reference-grid-100-km/allgrids.zip/at_download/file,404,Not Found
RXeZFrCBHVr3CfRn0ELY5g,http://forest.jrc.ec.europa.eu/efdac/applications/species-distrbution/,404,NOT FOUND
S10_96,http://wcmcom-ec-europa-eu-wip.wcm3vue.cec.eu.int:8080/public_opinion/archives/flash_arch_099_080_en.htm#96,0,"HTTPConnectionPool(host='wcmcom-ec-europa-eu-wip.wcm3vue.cec.eu.int', port=8080): Max retries exceeded with url: /public_opinion/archives/flash_arch_099_080_en.htm (Caused by <class 'socket.gaierror'>: [Errno -2] Name or service not known)"
S1402_66_1_269,http://ec.europa.eu/public_opinion/archives/eb_special_280_260_en.htm269,404,(Not Found)
S470_66_1_EBS270,http://ec.europa.eu/public_opinion/archives/eb_special_280_260_en.htm270,404,(Not Found)
S6_91,http://wcmcom-ec-europa-eu-wip.wcm3vue.cec.eu.int:8080/public_opinion/archives/flash_arch_099_080_en.htm#91,0,"HTTPConnectionPool(host='wcmcom-ec-europa-eu-wip.wcm3vue.cec.eu.int', port=8080): Max retries exceeded with url: /public_opinion/archives/flash_arch_099_080_en.htm (Caused by <class 'socket.gaierror'>: [Errno -2] Name or service not known)"
S7_92,http://wcmcom-ec-europa-eu-wip.wcm3vue.cec.eu.int:8080/public_opinion/archives/flash_arch_099_080_en.htm#92,0,"HTTPConnectionPool(host='wcmcom-ec-europa-eu-wip.wcm3vue.cec.eu.int', port=8080): Max retries exceeded with url: /public_opinion/archives/flash_arch_099_080_en.htm (Caused by <class 'socket.gaierror'>: [Errno -2] Name or service not known)"
S8_94,http://wcmcom-ec-europa-eu-wip.wcm3vue.cec.eu.int:8080/public_opinion/archives/flash_arch_099_080_en.htm#94,0,"HTTPConnectionPool(host='wcmcom-ec-europa-eu-wip.wcm3vue.cec.eu.int', port=8080): Max retries exceeded with url: /public_opinion/archives/flash_arch_099_080_en.htm (Caused by <class 'socket.gaierror'>: [Errno -2] Name or service not known)"
s8AqzIgMsfBHxKykKonzHw,http://www.eea.europa.eu/data-and-maps/data/nationally-designated-areas-national-cdda-5/gis-data/cdda-v9-polygons/at_download/file,404,Not Found
S8GjI09ZrvnWttzQ4oEtGQ,http://forest.jrc.ec.europa.eu/efdac/applications/species-distrbution/,404,NOT FOUND
S9_95,http://wcmcom-ec-europa-eu-wip.wcm3vue.cec.eu.int:8080/public_opinion/archives/flash_arch_099_080_en.htm#95,0,"HTTPConnectionPool(host='wcmcom-ec-europa-eu-wip.wcm3vue.cec.eu.int', port=8080): Max retries exceeded with url: /public_opinion/archives/flash_arch_099_080_en.htm (Caused by <class 'socket.gaierror'>: [Errno -2] Name or service not known)"
ScA3bbyCoucfuZYcGN00Pw,http://ec.europa.eu/eurostat/cache/metadata/en/lcs_esms.htm,404,Not Found
sgfqoaf5FJCdY3Bw0IELdw,http://ec.europa.eu/eurostat/cache/metadata/en/lcs_esms.htm,404,Not Found
short_selling,http://www.esma.europa.eu/system/files/list_of_market_makers_and_primary_dealers_version_12_february_2014_1.xlsx,404,Not Found
short_selling,http://www.esma.europa.eu/system/files/list_of_market_makers_and_primary_dealers_version_12_february_2014_1.pdf,404,Not Found
SneIMTPTzaQkO7ebiZC03Q,http://ec.europa.eu/eurostat/cache/metadata/en/tipslm_esms.htm,404,Not Found
spwquvqw6u4UTmMgNmkXCw,http://www.eea.europa.eu/data-and-maps/data/green-urban-areas-within-urban-morphological-zones-1990/zipped-esri-shape-file-vector-data-polygon/zipped-esri-shape-file-vector-data-polygon/at_download/file,404,Not Found
t93ZwZxrwUMrw8ulqWoDEg,http://digital-agenda-data.eu/data/sparql,400,Bad Request
TC9vgT7qAgR8JUYSZ2rhuw,http://ec.europa.eu/eurostat/cache/metadata/en/lcs_esms.htm,404,Not Found
ted-1,ftp://guest:guest@ted.europa.eu/daily-packages/,0,[Errno -2] Name or service not known
tibeyrUSfysA9lpTYlr1Q,http://digital-agenda-data.eu/data/sparql,400,Bad Request
timeperiod,http://publications.europa.eu/mdr/resource/authority/timeperiod/skos/timeperiods-skos.rdf,0,"HTTPConnectionPool(host='publications.europa.eu', port=80): Read timed out. (read timeout=60)"
TjwhxzMwB9xyE2sZhZmfVA,http://forest.jrc.ec.europa.eu/efdac/applications/species-distrbution/,404,NOT FOUND
treaty,http://publications.europa.eu/mdr/resource/authority/treaty/skos/treaties-skos.rdf,0,"HTTPConnectionPool(host='publications.europa.eu', port=80): Read timed out. (read timeout=60)"
tXgwPWjMqOnIeQqBfkSXA,http://digital-agenda-data.eu/data/sparql,400,Bad Request
ubA7B6xTx7cnWNWcsjnQ,http://www.eea.europa.eu/data-and-maps/data/urban-atlas/czech-republic/cz001l_praha.zip/at_download/file,404,Not Found
ubA7B6xTx7cnWNWcsjnQ,http://www.eea.europa.eu/data-and-maps/data/urban-atlas/united-kingdom/uk008l_manchester.zip/at_download/file,404,Not Found
ubA7B6xTx7cnWNWcsjnQ,http://www.eea.europa.eu/data-and-maps/data/urban-atlas/sweden/se001l_stockholm.zip/at_download/file,404,Not Found
ubA7B6xTx7cnWNWcsjnQ,http://www.eea.europa.eu/data-and-maps/data/urban-atlas/united-kingdom/uk201l_leeds.zip/at_download/file,404,Not Found
ubA7B6xTx7cnWNWcsjnQ,http://www.eea.europa.eu/data-and-maps/data/urban-atlas/denmark/dk002l_aarhus.zip-1/at_download/file,404,Not Found
UbdKntYA7WZjldBJzkouQ,http://www.eea.europa.eu/data-and-maps/data/corine-land-cover-1990-clc1990-and-corine-land-cover-changes-1975-1990-in-a-10-km-zone-around-the-coast-of-europe/land-cover-changes-1975-1990-vector-data-polygon/land-cover-changes-1975-1990-vector-data-polygon/at_download/file,404,Not Found
uBmFlMLixrgW8UhRoa0Vg,http://ec.europa.eu/eurostat/estat-navtree-portlet-prod/BulkDownloadListing?file=data/pat_us_nbio.tsv.gz,0,"HTTPConnectionPool(host='ec.europa.eu', port=80): Read timed out. (read timeout=60)"
uCs5oiHpIZDB6iTiJL4ww,http://forest.jrc.ec.europa.eu/efdac/applications/species-distrbution/,404,NOT FOUND
UMqDkJ1S5OtMysU96hTjeg,http://ec.europa.eu/eurostat/cache/metadata/en/lcs_esms.htm,404,Not Found
vH90eGl2lyvLuJcMR8YwA,http://digital-agenda-data.eu/data/sparql,400,Bad Request
VnJ4NrRinUUB5hFrv0Aw,http://ec.europa.eu/eurostat/cache/metadata/en/lcs_esms.htm,404,Not Found
vWHMqPqVFXRC4NDn249UBg,http://ec.europa.eu/eurostat/cache/metadata/en/tsdec460_esmsip.htm,404,Not Found
W4Xr6LwJqN1VMRa5oByBg,http://digital-agenda-data.eu/data/sparql,400,Bad Request
Wh55rf0WuTRH3U72GPIEw,http://ec.europa.eu/eurostat/cache/metadata/en/lcs_esms.htm,404,Not Found
WJkjdRnSIoriTZVUUg,http://forest.jrc.ec.europa.eu/efdac/applications/species-distrbution/,404,NOT FOUND
women-and-men-in-the-eu,http://eige.europa.eu/sites/default/files/MH0213481ENC_0.pdf,404,Not Found
women-and-men-in-the-eu,http://eige.europa.eu/sites/default/files/Review-of-the-Implementation-of-the-Beijing-Platform-for-Action-in-the-area-F-Women-and-the-Economy_0.pdf,404,Not Found
WsiF7aal9IMQmb4VBISZ7w,http://forest.jrc.ec.europa.eu/efdac/applications/species-distrbution/,404,NOT FOUND
WZ2uTwzFytj0KlBAU7zhaQ,http://forest.jrc.ec.europa.eu/efdac/applications/species-distrbution/,404,NOT FOUND
XQbyuKGSQBD4BlPlXcK3CA,http://digital-agenda-data.eu/data/sparql,400,Bad Request
xW9Cet0y2vEjxUKgAvqFw,http://ec.europa.eu/eurostat/cache/metadata/en/lcs_esms.htm,404,Not Found
Y6JDVnZlUVW9UBMPoI7QA,http://forest.jrc.ec.europa.eu/efdac/applications/species-distrbution/,404,NOT FOUND
yGVKnIzbkC2ZHpT6jQouDg,http://digital-agenda-data.eu/data/sparql,400,Bad Request
ynaSbLQfhqXMFbCDt7WmHg,http://digital-agenda-data.eu/data/sparql,400,Bad Request
Yz51zUS7FvQKAvfvJvRdvA,http://digital-agenda-data.eu/data/sparql,400,Bad Request
zjVUZ1ie89LDdZnwjULMg,http://forest.jrc.ec.europa.eu/efdac/applications/species-distrbution/,404,NOT FOUND
zkbwt0FUVY1dZmLevM2BA,http://forest.jrc.ec.europa.eu/efdac/applications/species-distrbution/,404,NOT FOUND
zsnyKxBDn6DH64V4x75Kg,http://ec.europa.eu/eurostat/cache/metadata/en/lcs_esms.htm,404,Not Found
