aardkundige-waarden-in-flevoland,http://\\Dattero\kgodata\Geo_Data\Metadata\metadata.gdb,0,"HTTPConnectionPool(host='%5C%5CDattero%5Ckgodata%5CGeo_Data%5CMetadata%5Cmetadata.gdb', port=80): Max retries exceeded with url: / (Caused by <class 'socket.gaierror'>: [Errno -2] Name or service not known)"
actuele-waterdata-reeksen-rijkswaterstaat,http://www.rijkswaterstaat.nl/apps/geoservices/rwsnl/?mode=features&projecttype=Chlorisiteit,400,Bad Request
actuele-waterdata-reeksen-rijkswaterstaat-01,http://www.rijkswaterstaat.nl/apps/geoservices/rwsnl/?mode=features&projecttype=Chlorisiteit,400,Bad Request
actuele-waterdata-reeksen-rijkswaterstaat-01-02,http://www.rijkswaterstaat.nl/apps/geoservices/rwsnl/?mode=features&projecttype=Chlorisiteit,400,Bad Request
afvalbakken,http://beta.columby.com/explore/dataset/400,0,"HTTPConnectionPool(host='beta.columby.com', port=80): Read timed out. (read timeout=60)"
agrarisch-gebied,http://beta.columby.com/explore/dataset/464,0,"HTTPConnectionPool(host='beta.columby.com', port=80): Read timed out. (read timeout=60)"
ahn1-100-meter-maaiveldraster,http://geodata.nationaalgeoregister.nl/tiles/service/wmts/ahn1?,501,Not Implemented
ahn1-100-meter-maaiveldraster,http://geodata.nationaalgeoregister.nl/ahn1/wcs?,404,Not Found
ahn1-25-meter-maaiveldraster,http://geodata.nationaalgeoregister.nl/tiles/service/wmts/ahn1?,501,Not Implemented
ahn1-25-meter-maaiveldraster,http://geodata.nationaalgeoregister.nl/ahn1/wcs?,404,Not Found
ahn2-0-5-meter-maaiveldraster-niet-opgevuld,http://geodata.nationaalgeoregister.nl/tiles/service/wmts/ahn2?,501,Not Implemented
ahn2-0-5-meter-maaiveldraster-niet-opgevuld,http://geodata.nationaalgeoregister.nl/ahn2/wcs?,404,Not Found
ahn2-0-5-meter-maaiveld-raster-opgevuld,http://geodata.nationaalgeoregister.nl/tiles/service/wmts/ahn2?,501,Not Implemented
ahn2-0-5-meter-maaiveld-raster-opgevuld,http://geodata.nationaalgeoregister.nl/ahn2/wcs?,404,Not Found
ahn2-0-5-meter-ruw-raster,http://geodata.nationaalgeoregister.nl/tiles/service/wmts/ahn2?,501,Not Implemented
ahn2-0-5-meter-ruw-raster,http://geodata.nationaalgeoregister.nl/ahn2/wcs?,404,Not Found
alle-kantoorlocaties-in-de-provincie-utrecht-inclusief-het-aantal-werkzame-personen,http://Server=sde; Service=sde:oracle$sde:oracle11g:geopp; User=verkeer; Version=SDE.DEFAULT,0,Failed to parse: Failed to parse: Server=sde; Service=sde:oracle$sde:oracle11g:geopp; User=verkeer; Version=SDE.DEFAULT
amsterdam-museum-as-edm-lod,http://eculture.cs.vu.nl/git/public/?p=econnect/metadata/AHM.git;a=tree;f=rdf,404,Not Found
archeologisch-aandachtsgebied,http://\\Dattero\kgodata\Geo_Data\Metadata\metadata.gdb,0,"HTTPConnectionPool(host='%5C%5CDattero%5Ckgodata%5CGeo_Data%5CMetadata%5Cmetadata.gdb', port=80): Max retries exceeded with url: / (Caused by <class 'socket.gaierror'>: [Errno -2] Name or service not known)"
archeologische-boringen,http://beta.columby.com/explore/dataset/396,0,"HTTPConnectionPool(host='beta.columby.com', port=80): Read timed out. (read timeout=60)"
archeologische-sporen-gemeente-den-haag,http://beta.columby.com/explore/dataset/438,0,"HTTPConnectionPool(host='beta.columby.com', port=80): Read timed out. (read timeout=60)"
archeologische-veldvondsten-gemeente-den-haag,http://beta.columby.com/explore/dataset/438,0,"HTTPConnectionPool(host='beta.columby.com', port=80): Read timed out. (read timeout=60)"
asbest-gebouwen-scholen,http://acg-prd:9093/geoserver/asbestscholenkaart/wms?,0,"HTTPConnectionPool(host='acg-prd', port=9093): Max retries exceeded with url: /geoserver/asbestscholenkaart/wms?SERVICE=WMS&REQUEST=GetCapabilities (Caused by <class 'socket.gaierror'>: [Errno -2] Name or service not known)"
astronomische-getijextremen-rijkswateren,http://live.getij.nl/wsgetij/hwlw.php,0,"HTTPConnectionPool(host='live.getij.nl', port=80): Max retries exceeded with url: /wsgetij/hwlw.php (Caused by <class 'socket.gaierror'>: [Errno -2] Name or service not known)"
astronomische-getijextremen-rijkswateren-01,http://live.getij.nl/wsgetij/hwlw.php,0,"HTTPConnectionPool(host='live.getij.nl', port=80): Max retries exceeded with url: /wsgetij/hwlw.php (Caused by <class 'socket.gaierror'>: [Errno -2] Name or service not known)"
basisregistratie-grootschalige-topografie,http://geodata.nationaalgeoregister.nl/tiles/service/wmts/bgtstandaard?,501,Not Implemented
basisregistratie-grootschalige-topografie,http://geodata.nationaalgeoregister.nl/tiles/service/wmts/bgtlijngericht?,501,Not Implemented
basisregistratie-grootschalige-topografie,http://geodata.nationaalgeoregister.nl/tiles/service/wmts/bgtachtergrond?,501,Not Implemented
basisregistratie-grootschalige-topografie,http://geodata.nationaalgeoregister.nl/tiles/service/wmts/bgtomtrekgericht?,501,Not Implemented
bedrijventerreinen-01-02,http://maps.noord-holland.nl/ArcGIS/services/PNH_PGR_cat3/MapServer/WMSServer?,0,"HTTPConnectionPool(host='maps.noord-holland.nl', port=80): Read timed out. (read timeout=60)"
bedrijventerreinen-01-02,http://maps.noord-holland.nl/ArcGIS/services/PNH_PGR_cat3/MapServer/WFSServer,0,"HTTPConnectionPool(host='maps.noord-holland.nl', port=80): Read timed out. (read timeout=60)"
bedrijventerreinen-provincie-flevoland-nl-01,http://\\Dattero\kgodata\Geo_Data\Metadata\metadata.gdb,0,"HTTPConnectionPool(host='%5C%5CDattero%5Ckgodata%5CGeo_Data%5CMetadata%5Cmetadata.gdb', port=80): Max retries exceeded with url: / (Caused by <class 'socket.gaierror'>: [Errno -2] Name or service not known)"
begrenzing-gezoneerde-industrieterreinen-van-regionaal-belang,http://maps.noord-holland.nl/ArcGIS/services/PNH_PGR_cat3/MapServer/WMSServer?,0,"HTTPConnectionPool(host='maps.noord-holland.nl', port=80): Read timed out. (read timeout=60)"
begrenzing-gezoneerde-industrieterreinen-van-regionaal-belang,http://maps.noord-holland.nl/ArcGIS/services/PNH_PGR_cat3/MapServer/WFSServer?,0,"HTTPConnectionPool(host='maps.noord-holland.nl', port=80): Read timed out. (read timeout=60)"
begrenzingslijn-basisnet-westerschelde-vlak-rd,http://geoservices.rijkswaterstaat.nl/zd_basislijn_basisnet_water_rd,0,"(<urllib3.connectionpool.HTTPConnectionPool object at 0x7fe26e2b9710>, 'Connection to geoservices.rijkswaterstaat.nl timed out. (connect timeout=60)')"
beheergebied-ambitie-natuurbeheerplan-2015,http://geoservices.zuid-holland.nl/arcgis/services/Landelijk_gebied/Landelijk_gebied_NBP/MapServer/WMSServer,400,Bad Request
beheergebied-natuurbeheerplan-2015,http://geoservices.zuid-holland.nl/arcgis/services/Landelijk_gebied/Landelijk_gebied_NBP/MapServer/WmsServer,400,Bad Request
belaste-woningen-a-g-v-gevaarlijke-stoffen-langs-wegen,http://Server=b_geomagazijn; Service=sde:oracle11g:b_geomagazijn; User=geo; Version=SDE.DEFAULT,0,Failed to parse: Failed to parse: Server=b_geomagazijn; Service=sde:oracle11g:b_geomagazijn; User=geo; Version=SDE.DEFAULT
belaste-woningen-a-g-v-gevaarlijk-transport-via-spoorwegen,http://geoservices.provincie-utrecht.nl/arcgis/services/m01-4_overlast_hinder_mgkp/MapServer,400,Bad Request
belaste-woningen-geluid-lden-railverkeer,http://Server=b_geomagazijn; Service=sde:oracle11g:b_geomagazijn; User=geo; Version=SDE.DEFAULT,0,Failed to parse: Failed to parse: Server=b_geomagazijn; Service=sde:oracle11g:b_geomagazijn; User=geo; Version=SDE.DEFAULT
belaste-woningen-geluid-wegverkeer-lden,http://Server=b_geomagazijn; Service=sde:oracle11g:b_geomagazijn; User=geo; Version=SDE.DEFAULT,0,Failed to parse: Failed to parse: Server=b_geomagazijn; Service=sde:oracle11g:b_geomagazijn; User=geo; Version=SDE.DEFAULT
belaste-woningen-geluid-wegverkeer-lden-01,http://Server=b_geomagazijn; Service=sde:oracle11g:b_geomagazijn; User=geo; Version=SDE.DEFAULT,0,Failed to parse: Failed to parse: Server=b_geomagazijn; Service=sde:oracle11g:b_geomagazijn; User=geo; Version=SDE.DEFAULT
belaste-woningen-geluid-wegverkeer-lden-provinciale-wegen,http://Server=b_geomagazijn; Service=sde:oracle11g:b_geomagazijn; User=geo; Version=SDE.DEFAULT,0,Failed to parse: Failed to parse: Server=b_geomagazijn; Service=sde:oracle11g:b_geomagazijn; User=geo; Version=SDE.DEFAULT
belaste-woningen-no2,http://Server=b_geomagazijn; Service=sde:oracle11g:b_geomagazijn; User=geo; Version=SDE.DEFAULT,0,Failed to parse: Failed to parse: Server=b_geomagazijn; Service=sde:oracle11g:b_geomagazijn; User=geo; Version=SDE.DEFAULT
belaste-woningen-pm10,http://Server=b_geomagazijn; Service=sde:oracle11g:b_geomagazijn; User=geo; Version=SDE.DEFAULT,0,Failed to parse: Failed to parse: Server=b_geomagazijn; Service=sde:oracle11g:b_geomagazijn; User=geo; Version=SDE.DEFAULT
beplanting,http://beta.columby.com/explore/dataset/466,0,"HTTPConnectionPool(host='beta.columby.com', port=80): Read timed out. (read timeout=60)"
besluiten-wro-wms-en-wfs,http://afnemers.ruimtelijkeplannen.nl/afnemers/services?,500,Internal Server Error
besluiten-wro-wms-en-wfs,http://afnemers.ruimtelijkeplannen.nl/afnemers/services?,500,Internal Server Error
besluiten-wro-wms-en-wfs,http://afnemers.ruimtelijkeplannen.nl/afnemers/services?,500,Internal Server Error
besluiten-wro-wms-en-wfs,http://afnemers.ruimtelijkeplannen.nl/afnemers/services?,500,Internal Server Error
besluiten-wro-wms-en-wfs,http://afnemers.ruimtelijkeplannen.nl/afnemers/services?,500,Internal Server Error
besluiten-wro-wms-en-wfs,http://afnemers.ruimtelijkeplannen.nl/afnemers/services?,500,Internal Server Error
besluiten-wro-wms-en-wfs,http://afnemers.ruimtelijkeplannen.nl/afnemers/services?,500,Internal Server Error
besluiten-wro-wms-en-wfs,http://afnemers.ruimtelijkeplannen.nl/afnemers/services?,500,Internal Server Error
besluiten-wro-wms-en-wfs,http://afnemers.ruimtelijkeplannen.nl/afnemers/services?,500,Internal Server Error
besluiten-wro-wms-en-wfs,http://afnemers.ruimtelijkeplannen.nl/afnemers/services?,500,Internal Server Error
bestaande-stads-en-dorpsgebieden-2014,http://geoservices.zuid-holland.nl/arcgis/services/wonen/Wonen/MapServer/WMSServer,400,Bad Request
bestaande-stads-en-dorpsgebieden-2014,http://geoservices.zuid-holland.nl/arcgis/services/wonen/Wonen_WFS/MapServer/WFSServer,400,Bad Request
bestand-veehouderij-bedrijven,http://geoservices.provincie-utrecht.nl:6080/arcgis/services/b01_5_4_vergunningen/MapServer/WMSServer,0,"(<urllib3.connectionpool.HTTPConnectionPool object at 0x7fe26e4924d0>, 'Connection to geoservices.provincie-utrecht.nl timed out. (connect timeout=60)')"
bestemmingsplancontouren-vigerende-plannen,http://Server=skp10.zwolle.intern; Service=5152; User=geo; Version=SDE.DEFAULT,0,"HTTPConnectionPool(host='Server=skp10.zwolle.intern;%20Service=5152;%20User=geo;%20Version=SDE.DEFAULT', port=80): Max retries exceeded with url: / (Caused by <class 'socket.gaierror'>: [Errno -2] Name or service not known)"
bevolkingskernen-2011-01,http://geodata.nationaalgeoregister.nl/bevolkingskernen2011/atom/bevolkingskernen2011.xml,501,Not Implemented
bijzonder-gebied-natuurbeheerplan-2015,http://geoservices.zuid-holland.nl/arcgis/services/Landelijk_gebied/Landelijk_gebied_NBP/MapServer/WMSServer,400,Bad Request
bkl-contour-luchthaven-lelystad,http://\\Dattero\kgodata\Geo_Data\Metadata\metadata.gdb,0,"HTTPConnectionPool(host='%5C%5CDattero%5Ckgodata%5CGeo_Data%5CMetadata%5Cmetadata.gdb', port=80): Max retries exceeded with url: / (Caused by <class 'socket.gaierror'>: [Errno -2] Name or service not known)"
bodemkaart-bollenteeltgebied,http://maps.noord-holland.nl/ArcGIS/services/PNH_PGR_cat3/MapServer/WMSServer?,0,"HTTPConnectionPool(host='maps.noord-holland.nl', port=80): Read timed out. (read timeout=60)"
bodemkaart-bollenteeltgebied,http://maps.noord-holland.nl/ArcGIS/services/PNH_PGR_cat3/MapServer/WFSServer?,0,"HTTPConnectionPool(host='maps.noord-holland.nl', port=80): Read timed out. (read timeout=60)"
bodemkaart-wieringermeer-en-haarlemmermeer,http://maps.noord-holland.nl/ArcGIS/services/PNH_PGR_cat3/MapServer/WMSServer?,0,"HTTPConnectionPool(host='maps.noord-holland.nl', port=80): Read timed out. (read timeout=60)"
bodemkaart-wieringermeer-en-haarlemmermeer,http://maps.noord-holland.nl/ArcGIS/services/PNH_PGR_cat3/MapServer/WFSServer?,0,"HTTPConnectionPool(host='maps.noord-holland.nl', port=80): Read timed out. (read timeout=60)"
bomen-bestand,http://beta.columby.com/explore/dataset/276,0,"HTTPConnectionPool(host='beta.columby.com', port=80): Read timed out. (read timeout=60)"
bouwen-op-slappe-grond-betrouwbaarheid-tno-kaarten,http://maps.noord-holland.nl/ArcGIS/services/PNH_PGR_cat3/MapServer/WMSServer?,0,"HTTPConnectionPool(host='maps.noord-holland.nl', port=80): Read timed out. (read timeout=60)"
bouwen-op-slappe-grond-betrouwbaarheid-tno-kaarten,http://maps.noord-holland.nl/ArcGIS/services/PNH_PGR_cat3/MapServer/WFSServer?,0,"HTTPConnectionPool(host='maps.noord-holland.nl', port=80): Read timed out. (read timeout=60)"
bouwen-op-slappe-grond-dikte-holoceen-pakket,http://maps.noord-holland.nl/ArcGIS/services/PNH_PGR_cat3/MapServer/WMSServer?,0,"HTTPConnectionPool(host='maps.noord-holland.nl', port=80): Read timed out. (read timeout=60)"
bouwen-op-slappe-grond-dikte-holoceen-pakket,http://maps.noord-holland.nl/ArcGIS/services/PNH_PGR_cat3/MapServer/WFSServer?,0,"HTTPConnectionPool(host='maps.noord-holland.nl', port=80): Read timed out. (read timeout=60)"
bouwen-op-slappe-grond-zettingsgevoeligheid,http://maps.noord-holland.nl/ArcGIS/services/PNH_PGR_cat3/MapServer/WMSServer?,0,"HTTPConnectionPool(host='maps.noord-holland.nl', port=80): Read timed out. (read timeout=60)"
bouwen-op-slappe-grond-zettingsgevoeligheid,http://maps.noord-holland.nl/ArcGIS/services/PNH_PGR_cat3/MapServer/WFSServer?,0,"HTTPConnectionPool(host='maps.noord-holland.nl', port=80): Read timed out. (read timeout=60)"
bouw-in-voorbereiding-1995---2005,http://opendata.cbs.nl/ODataFeed/OData/7177,0,"HTTPConnectionPool(host='opendata.cbs.nl', port=80): Read timed out. (read timeout=60)"
braakliggend-terrein,http://beta.columby.com/explore/dataset/467,0,"HTTPConnectionPool(host='beta.columby.com', port=80): Read timed out. (read timeout=60)"
bufferzones-rond-verzuringsgevoelige-gebieden,http://geoservices2.provinciegroningen.nl/arcgis/services/OpenData1/MapServer/WFSServer,404,Not Found
buurtgrenzen,http://beta.columby.com/explore/dataset/443,0,"HTTPConnectionPool(host='beta.columby.com', port=80): Read timed out. (read timeout=60)"
carpoolplaatsen-bezettingsgraad-en-voorzieningen-2014,http://Server=sde; Service=sde:oracle$sde:oracle11g:geopp; User=verkeer; Version=SDE.DEFAULT,0,Failed to parse: Failed to parse: Server=sde; Service=sde:oracle$sde:oracle11g:geopp; User=verkeer; Version=SDE.DEFAULT
clusters-geluid-provinciale-wegen,http://Server=b_geomagazijn; Service=sde:oracle11g:b_geomagazijn; User=geo; Version=SDE.DEFAULT,0,Failed to parse: Failed to parse: Server=b_geomagazijn; Service=sde:oracle11g:b_geomagazijn; User=geo; Version=SDE.DEFAULT
clusters-geluid-railverkeer,http://Server=b_geomagazijn; Service=sde:oracle11g:b_geomagazijn; User=geo; Version=SDE.DEFAULT,0,Failed to parse: Failed to parse: Server=b_geomagazijn; Service=sde:oracle11g:b_geomagazijn; User=geo; Version=SDE.DEFAULT
clusters-geluid-rijkswegen,http://Server=b_geomagazijn; Service=sde:oracle11g:b_geomagazijn; User=geo; Version=SDE.DEFAULT,0,Failed to parse: Failed to parse: Server=b_geomagazijn; Service=sde:oracle11g:b_geomagazijn; User=geo; Version=SDE.DEFAULT
clusters-no2,http://Server=b_geomagazijn; Service=sde:oracle11g:b_geomagazijn; User=geo; Version=SDE.DEFAULT,0,Failed to parse: Failed to parse: Server=b_geomagazijn; Service=sde:oracle11g:b_geomagazijn; User=geo; Version=SDE.DEFAULT
clusters-no2-wegen,http://Server=sde; Service=sde:oracle$sde:oracle11g:geopp; User=milieu; Version=SDE.DEFAULT,0,Failed to parse: Failed to parse: Server=sde; Service=sde:oracle$sde:oracle11g:geopp; User=milieu; Version=SDE.DEFAULT
clusters-pm10-wegen,http://Server=sde; Service=sde:oracle$sde:oracle11g:geopp; User=milieu; Version=SDE.DEFAULT,0,Failed to parse: Failed to parse: Server=sde; Service=sde:oracle$sde:oracle11g:geopp; User=milieu; Version=SDE.DEFAULT
collectief-beheerplan-natuurbeheerplan-2015,http://geoservices.zuid-holland.nl/arcgis/services/Landelijk_gebied/Landelijk_gebied_NBP/MapServer/WMSServer,400,Bad Request
current-accounts-by-sectors-1969-q4-2013,http://opendata.cbs.nl/ODataFeed/OData/81642ENG,0,"HTTPConnectionPool(host='opendata.cbs.nl', port=80): Read timed out. (read timeout=60)"
duisterniskaart-hemelhelderheid-met-kasverlichting-aan,http://maps.noord-holland.nl/ArcGIS/services/PNH_PGR_cat3/MapServer/WMSServer?,0,"HTTPConnectionPool(host='maps.noord-holland.nl', port=80): Read timed out. (read timeout=60)"
duisterniskaart-hemelhelderheid-met-kasverlichting-uit,http://maps.noord-holland.nl/ArcGIS/services/PNH_PGR_cat3/MapServer/WMSServer?,0,"HTTPConnectionPool(host='maps.noord-holland.nl', port=80): Read timed out. (read timeout=60)"
duurzaamheidscriteria-voor-duurzaam-inkopen,http://www.pianoo.nl/document/3406/spreadsheet-duurzaamheidscriteria-voor-duurzaam-inkopen,404,Not Found
duurzame-voorbeeldwoningen-gemeente-den-haag,http://beta.columby.com/explore/dataset/345,0,"HTTPConnectionPool(host='beta.columby.com', port=80): Read timed out. (read timeout=60)"
ecologische-hoofd-structuur-ehs-maart-2005,http://gisserver1.agro.nl/arcgis/services/EHSNetto2005/MapServer/WMSServer?,0,"HTTPConnectionPool(host='gisserver1.agro.nl', port=80): Max retries exceeded with url: /arcgis/services/EHSNetto2005/MapServer/WMSServer?SERVICE=WMS&REQUEST=GetCapabilities (Caused by <class 'socket.gaierror'>: [Errno -2] Name or service not known)"
ecologische-maatregelen,http://beta.columby.com/explore/dataset/404,0,"HTTPConnectionPool(host='beta.columby.com', port=80): Read timed out. (read timeout=60)"
ecologische-maatregelen,http://beta.columby.com/explore/dataset/403,0,"HTTPConnectionPool(host='beta.columby.com', port=80): Read timed out. (read timeout=60)"
ecologische-zones,http://beta.columby.com/explore/dataset/402,0,"HTTPConnectionPool(host='beta.columby.com', port=80): Read timed out. (read timeout=60)"
ecologische-zones,http://beta.columby.com/explore/dataset/401,0,"HTTPConnectionPool(host='beta.columby.com', port=80): Read timed out. (read timeout=60)"
elektrobak,http://beta.columby.com/explore/dataset/409,0,"HTTPConnectionPool(host='beta.columby.com', port=80): Read timed out. (read timeout=60)"
eu-geluidkaart-omgevingslawaai-2011-over-de-nacht-lnight,http://geodata.nationaalgeoregister.nl/rwsgeluidskaarten?,404,Not Found
eu-geluidkaart-omgevingslawaai-2011-over-de-nacht-lnight,http://geodata.nationaalgeoregister.nl/rwsgeluidskaarten?,404,Not Found
eu-geluidkaart-omgevingslawaai-2011-over-het-etmaal-lden,http://geodata.nationaalgeoregister.nl/rwsgeluidskaarten?,404,Not Found
eu-geluidkaart-omgevingslawaai-2011-over-het-etmaal-lden,http://geodata.nationaalgeoregister.nl/rwsgeluidskaarten?,404,Not Found
european-commissions-daily-press-briefings,http://ec.europa.eu/avservices/rss/PressBriefingsEn.xml,404,Not Found
fietsenstalingen-biesieklette,http://beta.columby.com/explore/dataset/341,0,"HTTPConnectionPool(host='beta.columby.com', port=80): Read timed out. (read timeout=60)"
gebiedsschematisatie-grevelingen,http://www.helpdeskwater.nl/onderwerpen/applicaties-modellen/water_en_ruimte/gebiedsschematisatie/schematisaties/@26884/schematisaties/?PagClsIdt=189440#PagCls_189440,404,Not Found
gebiedsschematisatie-grevelingen,http://www.helpdeskwater.nl/onderwerpen/applicaties-modellen/water_en_ruimte/gebiedsschematisatie/schematisaties/@26884/schematisaties/?PagClsIdt=189441#PagCls_189441,404,Not Found
gebiedsschematisatie-ijmond,http://www.helpdeskwater.nl/onderwerpen/applicaties-modellen/water_en_ruimte/gebiedsschematisatie/schematisaties/@26884/schematisaties/?PagClsIdt=285859#PagCls_285859,404,Not Found
gebiedsschematisatie-ijmond,http://www.helpdeskwater.nl/onderwerpen/applicaties-modellen/water_en_ruimte/gebiedsschematisatie/schematisaties/@26884/schematisaties/?PagClsIdt=285855#PagCls_285855,404,Not Found
gebiedsschematisatie-ijmond,http://www.helpdeskwater.nl/onderwerpen/applicaties-modellen/water_en_ruimte/gebiedsschematisatie/schematisaties/@26884/schematisaties/?PagClsIdt=285857#PagCls_285857,404,Not Found
gebiedsschematisatie-ijmond,http://www.helpdeskwater.nl/onderwerpen/applicaties-modellen/water_en_ruimte/gebiedsschematisatie/schematisaties/@26884/schematisaties/?PagClsIdt=285856#PagCls_285856,404,Not Found
gebiedsschematisatie-ijmond,http://www.helpdeskwater.nl/onderwerpen/applicaties-modellen/water_en_ruimte/gebiedsschematisatie/schematisaties/@26884/schematisaties/?PagClsIdt=285858#PagCls_285858,404,Not Found
gebiedsschematisatie-ijmond,http://www.helpdeskwater.nl/onderwerpen/applicaties-modellen/water_en_ruimte/gebiedsschematisatie/schematisaties/@26884/schematisaties/?PagClsIdt=189442#PagCls_189442,404,Not Found
gebiedsschematisatie-kust,http://www.helpdeskwater.nl/onderwerpen/applicaties-modellen/water_en_ruimte/gebiedsschematisatie/schematisaties/@26884/schematisaties/?PagClsIdt=189443#PagCls_189443,404,Not Found
gebiedsschematisatie-kust,http://www.helpdeskwater.nl/onderwerpen/applicaties-modellen/water_en_ruimte/gebiedsschematisatie/schematisaties/@26884/schematisaties/?PagClsIdt=189444#PagCls_189444,404,Not Found
gebiedsschematisatie-kust,http://www.helpdeskwater.nl/onderwerpen/applicaties-modellen/water_en_ruimte/gebiedsschematisatie/schematisaties/@26884/schematisaties/?PagClsIdt=189445#PagCls_189445,404,Not Found
gebiedsschematisatie-kust,http://www.helpdeskwater.nl/onderwerpen/applicaties-modellen/water_en_ruimte/gebiedsschematisatie/schematisaties/@26884/schematisaties/?PagClsIdt=189446#PagCls_189446,404,Not Found
gebiedsschematisatie-lauwersmeer,http://www.helpdeskwater.nl/onderwerpen/applicaties-modellen/water_en_ruimte/gebiedsschematisatie/schematisaties/@26884/schematisaties/?PagClsIdt=189447#PagCls_189447,404,Not Found
gebiedsschematisatie-maas,http://www.helpdeskwater.nl/onderwerpen/applicaties-modellen/water_en_ruimte/gebiedsschematisatie/schematisaties/@26884/schematisaties/?PagClsIdt=285869#PagCls_285869,404,Not Found
gebiedsschematisatie-maas,http://www.helpdeskwater.nl/onderwerpen/applicaties-modellen/water_en_ruimte/gebiedsschematisatie/schematisaties/@26884/schematisaties/?PagClsIdt=189448#PagCls_189448,404,Not Found
gebiedsschematisatie-markermeer,http://www.helpdeskwater.nl/publish/pages/22751/1209459-001-zks-0005-m-habitat_ijsselmeer-markermeer_j06-09_v01_m.pdf,404,Not Found
gebiedsschematisatie-markermeer,http://www.helpdeskwater.nl/onderwerpen/applicaties-modellen/water_en_ruimte/gebiedsschematisatie/schematisaties/@26884/schematisaties/?PagClsIdt=189449#PagCls_189449,404,Not Found
gebiedsschematisatie-noordzee,http://www.helpdeskwater.nl/onderwerpen/applicaties-modellen/water_en_ruimte/gebiedsschematisatie/schematisaties/@26884/schematisaties/?PagClsIdt=292853#PagCls_292853,404,Not Found
gebiedsschematisatie-noordzee,http://www.helpdeskwater.nl/onderwerpen/applicaties-modellen/water_en_ruimte/gebiedsschematisatie/schematisaties/@26884/schematisaties/?PagClsIdt=189439#PagCls_189439,404,Not Found
gebiedsschematisatie-noordzee-zuid,http://www.helpdeskwater.nl/onderwerpen/applicaties-modellen/water_en_ruimte/gebiedsschematisatie/schematisaties/@26884/schematisaties/?PagClsIdt=189459#PagCls_189459,404,Not Found
gebiedsschematisatie-noordzee-zuid,http://www.helpdeskwater.nl/onderwerpen/applicaties-modellen/water_en_ruimte/gebiedsschematisatie/schematisaties/@26884/schematisaties/?PagClsIdt=292853#PagCls_292853,404,Not Found
gebiedsschematisatie-oosterschelde,http://www.helpdeskwater.nl/onderwerpen/applicaties-modellen/water_en_ruimte/gebiedsschematisatie/schematisaties/@26884/schematisaties/?PagClsIdt=189455#PagCls_189455,404,Not Found
gebiedsschematisatie-rijn,http://www.helpdeskwater.nl/onderwerpen/applicaties-modellen/water_en_ruimte/gebiedsschematisatie/schematisaties/@26884/schematisaties/?PagClsIdt=285870#PagCls_285870,404,Not Found
gebiedsschematisatie-rijn,http://www.helpdeskwater.nl/onderwerpen/applicaties-modellen/water_en_ruimte/gebiedsschematisatie/schematisaties/@26884/schematisaties/?PagClsIdt=189452#PagCls_189452,404,Not Found
gebiedsschematisatie-rijnmaasmonding,http://www.helpdeskwater.nl/onderwerpen/applicaties-modellen/water_en_ruimte/gebiedsschematisatie/schematisaties/@26884/schematisaties/?PagClsIdt=189450#PagCls_189450,404,Not Found
gebiedsschematisatie-rijnmaasmonding,http://www.helpdeskwater.nl/onderwerpen/applicaties-modellen/water_en_ruimte/gebiedsschematisatie/schematisaties/@26884/schematisaties/?PagClsIdt=189456#PagCls_189456,404,Not Found
gebiedsschematisatie-volkerak,http://www.helpdeskwater.nl/onderwerpen/applicaties-modellen/water_en_ruimte/gebiedsschematisatie/schematisaties/@26884/schematisaties/?PagClsIdt=189457#PagCls_189457,404,Not Found
gebiedsschematisatie-volkerak,http://www.helpdeskwater.nl/onderwerpen/applicaties-modellen/water_en_ruimte/gebiedsschematisatie/schematisaties/@26884/schematisaties/?PagClsIdt=189458#PagCls_189458,404,Not Found
gebiedsschematisatie-westerschelde,http://www.helpdeskwater.nl/onderwerpen/applicaties-modellen/water_en_ruimte/gebiedsschematisatie/schematisaties/@26884/schematisaties/?PagClsIdt=189454#PagCls_189454,404,Not Found
gebouw,http://beta.columby.com/explore/dataset/460,0,"HTTPConnectionPool(host='beta.columby.com', port=80): Read timed out. (read timeout=60)"
geluid-bedrijventerreinen-1999-50db-contouren,http://\\FS-OES-GEOP01\DATA4\GEO\Projecten\Algemeen\Provinciaalgeoregister\metadata\kopie_PGR_datasets_PNBW.gdb,0,URL has an invalid label.
geluidbelasting-provinciale-wegen-2009-01,http://\\Dattero\kgodata\Geo_Data\Metadata\metadata.gdb,0,"HTTPConnectionPool(host='%5C%5CDattero%5Ckgodata%5CGeo_Data%5CMetadata%5Cmetadata.gdb', port=80): Max retries exceeded with url: / (Caused by <class 'socket.gaierror'>: [Errno -2] Name or service not known)"
geluidsbelasting-provinciale-wegen-24-uur,http://maps.noord-holland.nl/ArcGIS/services/PNH_PGR_cat3/MapServer/WMSServer?,0,"HTTPConnectionPool(host='maps.noord-holland.nl', port=80): Read timed out. (read timeout=60)"
geluidsbelasting-provinciale-wegen-24-uur,http://maps.noord-holland.nl/ArcGIS/services/PNH_PGR_cat3/MapServer/WFSServer?,0,"HTTPConnectionPool(host='maps.noord-holland.nl', port=80): Read timed out. (read timeout=60)"
geluidsbelasting-railverkeer,http://beta.columby.com/explore/dataset/407,0,"HTTPConnectionPool(host='beta.columby.com', port=80): Read timed out. (read timeout=60)"
geluidsbelasting-verschil-provinciale-wegen,http://maps.noord-holland.nl/ArcGIS/services/PNH_PGR_cat3/MapServer/WMSServer?,0,"HTTPConnectionPool(host='maps.noord-holland.nl', port=80): Read timed out. (read timeout=60)"
geluidsbelasting-verschil-provinciale-wegen,http://maps.noord-holland.nl/ArcGIS/services/PNH_PGR_cat3/MapServer/WFSServer?,0,"HTTPConnectionPool(host='maps.noord-holland.nl', port=80): Read timed out. (read timeout=60)"
geluidsbelasting-wegverkeer,http://beta.columby.com/explore/dataset/408,0,"HTTPConnectionPool(host='beta.columby.com', port=80): Read timed out. (read timeout=60)"
geluidscontouren-provinciale-wegen-nacht,http://maps.noord-holland.nl/ArcGIS/services/PNH_PGR_cat3/MapServer/WMSServer?,0,"HTTPConnectionPool(host='maps.noord-holland.nl', port=80): Read timed out. (read timeout=60)"
geluidscontouren-provinciale-wegen-nacht,http://maps.noord-holland.nl/ArcGIS/services/PNH_PGR_cat3/MapServer/WFSServer?,0,"HTTPConnectionPool(host='maps.noord-holland.nl', port=80): Read timed out. (read timeout=60)"
geluidscontour-luchtaven-pkb-ke,http://\\Dattero\kgodata\Geo_Data\Metadata\metadata.gdb,0,"HTTPConnectionPool(host='%5C%5CDattero%5Ckgodata%5CGeo_Data%5CMetadata%5Cmetadata.gdb', port=80): Max retries exceeded with url: / (Caused by <class 'socket.gaierror'>: [Errno -2] Name or service not known)"
geluidscontour-luchthaven-pkb-bkl,http://\\Dattero\kgodata\Geo_Data\Metadata\metadata.gdb,0,"HTTPConnectionPool(host='%5C%5CDattero%5Ckgodata%5CGeo_Data%5CMetadata%5Cmetadata.gdb', port=80): Max retries exceeded with url: / (Caused by <class 'socket.gaierror'>: [Errno -2] Name or service not known)"
geluidszonegrens-industrieterreinen-van-regionaal-belang-etmaalwaarden,http://maps.noord-holland.nl/ArcGIS/services/PNH_PGR_cat3/MapServer/WMSServer?,0,"HTTPConnectionPool(host='maps.noord-holland.nl', port=80): Read timed out. (read timeout=60)"
geluidszonegrens-industrieterreinen-van-regionaal-belang-etmaalwaarden,http://maps.noord-holland.nl/ArcGIS/services/PNH_PGR_cat3/MapServer/WFSServer?,0,"HTTPConnectionPool(host='maps.noord-holland.nl', port=80): Read timed out. (read timeout=60)"
geluidszone-vlak-industrieterreinen-van-regionaal-belang-etmaalwaarden,http://maps.noord-holland.nl/ArcGIS/services/PNH_PGR_cat3/MapServer/WMSServer?,0,"HTTPConnectionPool(host='maps.noord-holland.nl', port=80): Read timed out. (read timeout=60)"
geluidszone-vlak-industrieterreinen-van-regionaal-belang-etmaalwaarden,http://maps.noord-holland.nl/ArcGIS/services/PNH_PGR_cat3/MapServer/WFSServer?,0,"HTTPConnectionPool(host='maps.noord-holland.nl', port=80): Read timed out. (read timeout=60)"
gembegrotingen-baten-lasten-gemeente,http://opendata.cbs.nl/ODataFeed/OData/82982NED,0,"HTTPConnectionPool(host='opendata.cbs.nl', port=80): Read timed out. (read timeout=60)"
gemeente-delft-bestermmingsplannen,http://ro.delft.nl/manifest/,0,"(<urllib3.connectionpool.HTTPConnectionPool object at 0x7fe26eb6d210>, 'Connection to ro.delft.nl timed out. (connect timeout=60)')"
gemeente-nijmegen-onderzoek-en-cijfers,http://www2.nijmegen.nl/rss/Onderzoek_en_Cijfers,404,Not Found
gemeente-nijmegen-weblog-burgemeester-de-graaf,http://www2.nijmegen.nl/RSS/burgemeester_blog,404,Not Found
gemeente-nijmegen-weblog-wethouder-beerten,http://www2.nijmegen.nl/RSS/henkbeertenblog,404,Not Found
geologische-kaart,http://beta.columby.com/explore/dataset/399,0,"HTTPConnectionPool(host='beta.columby.com', port=80): Read timed out. (read timeout=60)"
geothermie-inventarisatie,http://maps.noord-holland.nl/ArcGIS/services/PNH_PGR_cat3/MapServer/WMSServer?,0,"HTTPConnectionPool(host='maps.noord-holland.nl', port=80): Read timed out. (read timeout=60)"
geothermie-inventarisatie,http://maps.noord-holland.nl/ArcGIS/services/PNH_PGR_cat3/MapServer/WFSServer?,0,"HTTPConnectionPool(host='maps.noord-holland.nl', port=80): Read timed out. (read timeout=60)"
gereedgemelde-woningen-doorlooptijd,http://opendata.cbs.nl/ODataFeed/OData/82213NED,0,"HTTPConnectionPool(host='opendata.cbs.nl', port=80): Read timed out. (read timeout=60)"
geregistreerd-maritiem-frequentiegebruik--agentschap-telecom,http://appl.agentschaptelecom.nl/roepletterlijst-scheepvaart/download/roepletterlijst-scheepvaart.xls,404,Not Found
geschiktheid-veenweidegebieden-voor-melkveehouderij-weidebouwgebied,http://maps.noord-holland.nl/ArcGIS/services/PNH_PGR_cat3/MapServer/WMSServer?,0,"HTTPConnectionPool(host='maps.noord-holland.nl', port=80): Read timed out. (read timeout=60)"
geschiktheid-veenweidegebieden-voor-melkveehouderij-weidebouwgebied,http://maps.noord-holland.nl/ArcGIS/services/PNH_PGR_cat3/MapServer/WFSServer?,0,"HTTPConnectionPool(host='maps.noord-holland.nl', port=80): Read timed out. (read timeout=60)"
geschiktheid-voor-ondergronds-bouwen-damwand-complexiteit,http://maps.noord-holland.nl/ArcGIS/services/PNH_PGR_cat3/MapServer/WMSServer?,0,"HTTPConnectionPool(host='maps.noord-holland.nl', port=80): Read timed out. (read timeout=60)"
geschiktheid-voor-ondergronds-bouwen-damwand-complexiteit,http://maps.noord-holland.nl/ArcGIS/services/PNH_PGR_cat3/MapServer/WFSServer?,0,"HTTPConnectionPool(host='maps.noord-holland.nl', port=80): Read timed out. (read timeout=60)"
geschiktheid-voor-ondergronds-bouwen-opbarsting-damwand,http://maps.noord-holland.nl/ArcGIS/services/PNH_PGR_cat3/MapServer/WMSServer?,0,"HTTPConnectionPool(host='maps.noord-holland.nl', port=80): Read timed out. (read timeout=60)"
geschiktheid-voor-ondergronds-bouwen-opbarsting-damwand,http://maps.noord-holland.nl/ArcGIS/services/PNH_PGR_cat3/MapServer/WFSServer?,0,"HTTPConnectionPool(host='maps.noord-holland.nl', port=80): Read timed out. (read timeout=60)"
geschiktheid-voor-warmte-koude-opslag-ondiep,http://maps.noord-holland.nl/ArcGIS/services/PNH_PGR_cat3/MapServer/WMSServer?,0,"HTTPConnectionPool(host='maps.noord-holland.nl', port=80): Read timed out. (read timeout=60)"
geschiktheid-voor-warmte-koude-opslag-ondiep,http://maps.noord-holland.nl/ArcGIS/services/PNH_PGR_cat3/MapServer/WFSServer?,0,"HTTPConnectionPool(host='maps.noord-holland.nl', port=80): Read timed out. (read timeout=60)"
geschiktheid-warmte-koude-opslag-diep,http://maps.noord-holland.nl/ArcGIS/services/PNH_PGR_cat3/MapServer/WMSServer?,0,"HTTPConnectionPool(host='maps.noord-holland.nl', port=80): Read timed out. (read timeout=60)"
geschiktheid-warmte-koude-opslag-diep,http://maps.noord-holland.nl/ArcGIS/services/PNH_PGR_cat3/MapServer/WFSServer?,0,"HTTPConnectionPool(host='maps.noord-holland.nl', port=80): Read timed out. (read timeout=60)"
ges-cont-externe-veiligheid-als-gevolg-van-gevaarlijk-transport-langs-wegen,http://Server=b_geomagazijn; Service=sde:oracle11g:b_geomagazijn; User=geo; Version=SDE.DEFAULT,0,Failed to parse: Failed to parse: Server=b_geomagazijn; Service=sde:oracle11g:b_geomagazijn; User=geo; Version=SDE.DEFAULT
ges-contouren-geluid-railverkeer,http://\\provgron\Data\GeoOpslag\Projectdata\Gezondheidskaart.gdb,0,"HTTPConnectionPool(host='%5C%5Cprovgron%5CData%5CGeoOpslag%5CProjectdata%5CGezondheidskaart.gdb', port=80): Max retries exceeded with url: / (Caused by <class 'socket.gaierror'>: [Errno -2] Name or service not known)"
ges-contouren-geluid-rijkswegen,http://Server=b_geomagazijn; Service=sde:oracle11g:b_geomagazijn; User=geo; Version=SDE.DEFAULT,0,Failed to parse: Failed to parse: Server=b_geomagazijn; Service=sde:oracle11g:b_geomagazijn; User=geo; Version=SDE.DEFAULT
ges-contouren-no2-wegen,http://Server=sde; Service=sde:oracle$sde:oracle11g:geopp; User=milieu; Version=SDE.DEFAULT,0,Failed to parse: Failed to parse: Server=sde; Service=sde:oracle$sde:oracle11g:geopp; User=milieu; Version=SDE.DEFAULT
ges-contouren-pm10-wegen,http://Server=sde; Service=sde:oracle$sde:oracle11g:geopp; User=milieu; Version=SDE.DEFAULT,0,Failed to parse: Failed to parse: Server=sde; Service=sde:oracle$sde:oracle11g:geopp; User=milieu; Version=SDE.DEFAULT
gevaarlijk-afval-1993---1997,http://opendata.cbs.nl/ODataFeed/OData/7424,0,"HTTPConnectionPool(host='opendata.cbs.nl', port=80): Read timed out. (read timeout=60)"
gevoelige-bestemmingen-a-g-v-gevaarlijk-stoffen,http://Server=b_geomagazijn; Service=sde:oracle11g:b_geomagazijn; User=geo; Version=SDE.DEFAULT,0,Failed to parse: Failed to parse: Server=b_geomagazijn; Service=sde:oracle11g:b_geomagazijn; User=geo; Version=SDE.DEFAULT
gevoelige-bestemmingen-a-g-v-gevaarlijk-transport-via-vaarwegen,http://Server=sde; Service=sde:oracle$sde:oracle11g:geop; User=milieu; Version=SDE.DEFAULT,0,Failed to parse: Failed to parse: Server=sde; Service=sde:oracle$sde:oracle11g:geop; User=milieu; Version=SDE.DEFAULT
gevoelige-bestemmingen-geluid-lden-railverkeer,http://Server=b_geomagazijn; Service=sde:oracle11g:b_geomagazijn; User=geo; Version=SDE.DEFAULT,0,Failed to parse: Failed to parse: Server=b_geomagazijn; Service=sde:oracle11g:b_geomagazijn; User=geo; Version=SDE.DEFAULT
gevoelige-bestemmingen-no2,http://Server=b_geomagazijn; Service=sde:oracle11g:b_geomagazijn; User=geo; Version=SDE.DEFAULT,0,Failed to parse: Failed to parse: Server=b_geomagazijn; Service=sde:oracle11g:b_geomagazijn; User=geo; Version=SDE.DEFAULT
gratis-wifi-hotspots-gemeente-den-haag,http://beta.columby.com/explore/dataset/339,0,"HTTPConnectionPool(host='beta.columby.com', port=80): Read timed out. (read timeout=60)"
groenbeheer-randen,http://beta.columby.com/explore/dataset/445,0,"HTTPConnectionPool(host='beta.columby.com', port=80): Read timed out. (read timeout=60)"
groenbeheer-vlakken,http://beta.columby.com/explore/dataset/412,0,"HTTPConnectionPool(host='beta.columby.com', port=80): Read timed out. (read timeout=60)"
grondwaterbeschermingsgebieden,http://gisopenbaar.overijssel.nl/arcgis/services/INSPIRE3/MapServer/WMSServer,404,Not Found
grondwaterbeschermingsgebieden-01,http://maps.noord-holland.nl/arcgis/services/PNH_PGR_cat3/MapServer/WMSServer?,0,"HTTPConnectionPool(host='maps.noord-holland.nl', port=80): Read timed out. (read timeout=60)"
grondwaterbeschermingsgebieden-01,http://maps.noord-holland.nl/arcgis/services/PNH_PGR_cat3/MapServer/WFSServer?,0,"HTTPConnectionPool(host='maps.noord-holland.nl', port=80): Read timed out. (read timeout=60)"
grondwaterbeschermingsgebieden-01-02-03-04,http://\\Dattero\kgodata\Geo_Data\Metadata\metadata.gdb,0,"HTTPConnectionPool(host='%5C%5CDattero%5Ckgodata%5CGeo_Data%5CMetadata%5Cmetadata.gdb', port=80): Max retries exceeded with url: / (Caused by <class 'socket.gaierror'>: [Errno -2] Name or service not known)"
grondwaterstromingssystemen,http://geoservices.provincie-utrecht.nl/arcgis/services/w01-2_grondwatersysteembenadering/MapServer/WMSServer,400,Bad Request
grondwaterstroomlijnenkaart,http://geoservices.provincie-utrecht.nl/arcgis/services/w01-2_grondwatersysteembenadering/MapServer/WMSServer,400,Bad Request
habitattypen-en-leefgebiedenkaart-depositiebank,http://Server=sde; Service=sde:oracle$sde:oracle11g:geopp; User=nat_land; Version=SDE.DEFAULT,0,Failed to parse: Failed to parse: Server=sde; Service=sde:oracle$sde:oracle11g:geopp; User=nat_land; Version=SDE.DEFAULT
helpdesk-water-brochure-deltamodel,http://www.helpdeskwater.nl/onderwerpen/applicaties-modellen/deltamodel/@31265/brochure-deltamodel-0,404,Not Found
hooibergen-in-de-gemeente-stichtse-vecht,http://geoservices.provincie-utrecht.nl/arcgis/services/t01-4_cultuur/MapServer/WMSServer,0,"HTTPConnectionPool(host='geoservices.provincie-utrecht.nl', port=80): Read timed out. (read timeout=60)"
hotels,http://geoportaal.fryslan.nl/arcgis/services/ProvinciaalGeoRegister/PGR/MapServer/WMSServer?,0,"HTTPConnectionPool(host='geoportaal.fryslan.nl', port=80): Read timed out. (read timeout=60)"
htm-masten,http://beta.columby.com/explore/dataset/413,0,"HTTPConnectionPool(host='beta.columby.com', port=80): Read timed out. (read timeout=60)"
huisvuilcontainer,http://beta.columby.com/explore/dataset/462,0,"HTTPConnectionPool(host='beta.columby.com', port=80): Read timed out. (read timeout=60)"
ijsselmeer-vechtdelta,http://www.helpdeskwater.nl/onderwerpen/applicaties-modellen/water_en_ruimte/gebiedsschematisatie/schematisaties/@26884/schematisaties/?PagClsIdt=298260#PagCls_298260,404,Not Found
inspire-annotatie-van-laagspanningsleidingen-van-de-gemeente-maasgouw,http://wioninspire.geodan.nl/geoserver/vdbgemmaasgouw/wms?service=wms&request=GetCapabilities,503,Service Unavailable
inspire-annotatie-van-laagspanningsleidingen-van-de-gemeente-maasgouw,http://wioninspire.geodan.nl/geoserver/vdbgemmaasgouw/wfs?SERVICE=WFS,503,Service Unavailable
inspire-annotatie-van-laagspanningsleidingen-van-de-gemeente-maasgouw,http://wioninspire.geodan.nl/geoserver/vdbgemmaasgouw/wms?SERVICE=WMS,503,Service Unavailable
inspire-annotatie-van-laagspanningsleidingen-van-de-gemeente-maasgouw,http://wioninspire.geodan.nl/geoserver/vdbgemmaasgouw/wms?SERVICE=WMS,503,Service Unavailable
inspire-annotatie-van-riool-vrijverval-leidingen-van-de-gemeente-maasgouw,http://wioninspire.geodan.nl/geoserver/vdbgemmaasgouw/wms?service=wms&request=GetCapabilities,503,Service Unavailable
inspire-annotatie-van-riool-vrijverval-leidingen-van-de-gemeente-maasgouw,http://wioninspire.geodan.nl/geoserver/vdbgemmaasgouw/wfs?SERVICE=WFS,503,Service Unavailable
inspire-annotatie-van-riool-vrijverval-leidingen-van-de-gemeente-maasgouw,http://wioninspire.geodan.nl/geoserver/vdbgemmaasgouw/wms?SERVICE=WMS,503,Service Unavailable
inspire-annotatie-van-riool-vrijverval-leidingen-van-de-gemeente-maasgouw,http://wioninspire.geodan.nl/geoserver/vdbgemmaasgouw/wms?SERVICE=WMS,503,Service Unavailable
inspire-ligging-van-laagspanningsleidingen-van-de-gemeente-maasgouw,http://wioninspire.geodan.nl/geoserver/vdbgemmaasgouw/wms?service=wms&request=GetCapabilities,503,Service Unavailable
inspire-ligging-van-laagspanningsleidingen-van-de-gemeente-maasgouw,http://wioninspire.geodan.nl/geoserver/vdbgemmaasgouw/wfs?SERVICE=WFS,503,Service Unavailable
inspire-ligging-van-laagspanningsleidingen-van-de-gemeente-maasgouw,http://wioninspire.geodan.nl/geoserver/vdbgemmaasgouw/wms?SERVICE=WMS,503,Service Unavailable
inspire-ligging-van-laagspanningsleidingen-van-de-gemeente-maasgouw,http://wioninspire.geodan.nl/geoserver/vdbgemmaasgouw/wms?SERVICE=WMS,503,Service Unavailable
inspire-ligging-van-riool-onderdruk-leidingen-van-de-gemeente-maasgouw,http://wioninspire.geodan.nl/geoserver/vdbgemmaasgouw/wms?service=wms&request=GetCapabilities,503,Service Unavailable
inspire-ligging-van-riool-onderdruk-leidingen-van-de-gemeente-maasgouw,http://wioninspire.geodan.nl/geoserver/vdbgemmaasgouw/wfs?SERVICE=WFS,503,Service Unavailable
inspire-ligging-van-riool-onderdruk-leidingen-van-de-gemeente-maasgouw,http://wioninspire.geodan.nl/geoserver/vdbgemmaasgouw/wms?SERVICE=WMS,503,Service Unavailable
inspire-ligging-van-riool-onderdruk-leidingen-van-de-gemeente-maasgouw,http://wioninspire.geodan.nl/geoserver/vdbgemmaasgouw/wms?SERVICE=WMS,503,Service Unavailable
inspire-ligging-van-riool-vrijverval-leidingen-van-de-gemeente-maasgouw,http://wioninspire.geodan.nl/geoserver/vdbgemmaasgouw/wms?service=wms&request=GetCapabilities,503,Service Unavailable
inspire-ligging-van-riool-vrijverval-leidingen-van-de-gemeente-maasgouw,http://wioninspire.geodan.nl/geoserver/vdbgemmaasgouw/wfs?SERVICE=WFS,503,Service Unavailable
inspire-ligging-van-riool-vrijverval-leidingen-van-de-gemeente-maasgouw,http://wioninspire.geodan.nl/geoserver/vdbgemmaasgouw/wms?SERVICE=WMS,503,Service Unavailable
inspire-ligging-van-riool-vrijverval-leidingen-van-de-gemeente-maasgouw,http://wioninspire.geodan.nl/geoserver/vdbgemmaasgouw/wms?SERVICE=WMS,503,Service Unavailable
inspire-maatvoering-van-laagspanningsleidingen-van-de-gemeente-maasgouw,http://wioninspire.geodan.nl/geoserver/vdbgemmaasgouw/wms?service=wms&request=GetCapabilities,503,Service Unavailable
inspire-maatvoering-van-laagspanningsleidingen-van-de-gemeente-maasgouw,http://wioninspire.geodan.nl/geoserver/vdbgemmaasgouw/wfs?SERVICE=WFS,503,Service Unavailable
inspire-maatvoering-van-laagspanningsleidingen-van-de-gemeente-maasgouw,http://wioninspire.geodan.nl/geoserver/vdbgemmaasgouw/wms?SERVICE=WMS,503,Service Unavailable
inspire-maatvoering-van-laagspanningsleidingen-van-de-gemeente-maasgouw,http://wioninspire.geodan.nl/geoserver/vdbgemmaasgouw/wms?SERVICE=WMS,503,Service Unavailable
inspire-maatvoering-van-riool-vrijverval-leidingen-van-de-gemeente-maasgouw,http://wioninspire.geodan.nl/geoserver/vdbgemmaasgouw/wms?service=wms&request=GetCapabilities,503,Service Unavailable
inspire-maatvoering-van-riool-vrijverval-leidingen-van-de-gemeente-maasgouw,http://wioninspire.geodan.nl/geoserver/vdbgemmaasgouw/wfs?SERVICE=WFS,503,Service Unavailable
inspire-maatvoering-van-riool-vrijverval-leidingen-van-de-gemeente-maasgouw,http://wioninspire.geodan.nl/geoserver/vdbgemmaasgouw/wms?SERVICE=WMS,503,Service Unavailable
inspire-maatvoering-van-riool-vrijverval-leidingen-van-de-gemeente-maasgouw,http://wioninspire.geodan.nl/geoserver/vdbgemmaasgouw/wms?SERVICE=WMS,503,Service Unavailable
interferentiegebieden,http://geo-portaal.zuid-holland.nl/arcgis/services/PGR/PGR_Interferentiegebieden/MapServer/WMSServer,404,Service Not Found or Not Started
interferentiegebieden,http://geo-portaal.zuid-holland.nl/arcgis/services/PGR/PGR_Interferentiegebieden/MapServer/WFSServer,404,Service Not Found or Not Started
interferentiegebieden-01,http://geo-portaal.zuid-holland.nl/arcgis/services/PGR/PGR_Interferentiegebieden/MapServer/WMSServer,404,Service Not Found or Not Started
interferentiegebieden-01,http://geo-portaal.zuid-holland.nl/arcgis/services/PGR/PGR_Interferentiegebieden/MapServer/WFSServer,404,Service Not Found or Not Started
interferentiegebieden-wko,http://maps.noord-holland.nl/arcgis/services/PNH_PGR_cat3/MapServer/WMSServer?,0,"HTTPConnectionPool(host='maps.noord-holland.nl', port=80): Read timed out. (read timeout=60)"
interferentiegebieden-wko,http://maps.noord-holland.nl/arcgis/services/PNH_PGR_cat3/MapServer/WFSServer?,0,"HTTPConnectionPool(host='maps.noord-holland.nl', port=80): Read timed out. (read timeout=60)"
inter-nationale-knooppunten,http://Server=sde; Service=sde:oracle$sde:oracle11g:geopp; User=verkeer; Version=SDE.DEFAULT,0,Failed to parse: Failed to parse: Server=sde; Service=sde:oracle$sde:oracle11g:geopp; User=verkeer; Version=SDE.DEFAULT
kaarten-beleidslijn-grote-rivieren,http://www.helpdeskwater.nl/onderwerpen/applicaties-modellen/deltamodel/@31265/brochure-deltamodel-0,404,Not Found
kadastrale-percelen,http://648c7b28-13f7-4a5b-b684-e3f4cdf528c5,0,"HTTPConnectionPool(host='648c7b28-13f7-4a5b-b684-e3f4cdf528c5', port=80): Max retries exceeded with url: / (Caused by <class 'socket.gaierror'>: [Errno -2] Name or service not known)"
kadastrale-percelen,http://beta.columby.com/explore/dataset/444,0,"HTTPConnectionPool(host='beta.columby.com', port=80): Read timed out. (read timeout=60)"
ke-contouren-kosten-eenheid-grote-vliegtuigen,http://\\Dattero\kgodata\Geo_Data\Metadata\metadata.gdb,0,"HTTPConnectionPool(host='%5C%5CDattero%5Ckgodata%5CGeo_Data%5CMetadata%5Cmetadata.gdb', port=80): Max retries exceeded with url: / (Caused by <class 'socket.gaierror'>: [Errno -2] Name or service not known)"
kitesurfen,http://geoportaal.fryslan.nl/arcgis/services/ProvinciaalGeoRegister/PGR_features/GeoDataServer/WFSServer?,502,Bad Gateway
kleine-landschappelijke-elementen-kle-waarden-punten,http://Server=local_oracle; Service=sde:oracle11g:/;local=geopp; User=nat_land; Version=SDE.DEFAULT,0,Failed to parse: Failed to parse: Server=local_oracle; Service=sde:oracle11g:
kleine-landschappelijke-elementen-kle-waarden-vlakken,http://Server=local_oracle; Service=sde:oracle11g:/;local=geopp; User=nat_land; Version=SDE.DEFAULT,0,Failed to parse: Failed to parse: Server=local_oracle; Service=sde:oracle11g:
knmi14-daily-makkink-evaporation-2050-wh,http://data.knmi.nl/portal/KNMI-DataCentre.html#term=EV50WH&dataset-name=EV50WH&dataset-version=014,401,Authorization Required
kunstobject,http://beta.columby.com/explore/dataset/465,0,"HTTPConnectionPool(host='beta.columby.com', port=80): Read timed out. (read timeout=60)"
landschappelijke-en-cultuurhistorische-basiskwaliteiten,http://geo.flevoland.nl/ArcGIS/services/Cultuurhist_Archeologie/LCB/MapServer/WMSServer,400,Bad Request
landschappelijke-en-cultuurhistorische-kernkwaliteiten-01,http://\\Dattero\kgodata\Geo_Data\Metadata\metadata.gdb,0,"HTTPConnectionPool(host='%5C%5CDattero%5Ckgodata%5CGeo_Data%5CMetadata%5Cmetadata.gdb', port=80): Max retries exceeded with url: / (Caused by <class 'socket.gaierror'>: [Errno -2] Name or service not known)"
landschaps-zoekgebied-natuurbeheerplan-2015,http://geoservices.zuid-holland.nl/arcgis/services/Landelijk_gebied/Landelijk_gebied_NBP/MapServer/WMSServer,400,Bad Request
ligplaatsen,http://beta.columby.com/explore/dataset/452,0,"HTTPConnectionPool(host='beta.columby.com', port=80): Read timed out. (read timeout=60)"
lokale-regelingen,http://zoekdienst.overheid.nl/sru/Search?version=1.2&amp;amp;operation=searchRetrieve&amp;amp;x-connection=cvdr&amp;amp;startRecord=1&amp;amp;maximumRecords=10&amp;amp;query=keyword=&amp;quot;&amp;quot;,500,Internal Server Error
lokale-vergunningen,http://zoekdienst.overheid.nl/sru/Search?version=1.2&amp;operation=searchRetrieve&amp;x-connection=VG&amp;startRecord=1&amp;maximumRecords=10&amp;query=keyword=&quot;&quot;,500,Internal Server Error
lokaties-van-vergunningen,http://geoservices.provincie-utrecht.nl/arcgis/services/b01-5-4_vergunningeN/MapServer/WMSServer,400,Bad Request
lokaties-van-vergunningen,http://geoservices.provincie-utrecht.nl/arcgis/services/b01-5-4_vergunningeN/MapServer/WMSServer,400,Bad Request
lokaties-van-vergunningen,http://geoservices.provincie-utrecht.nl/arcgis/services/b01-5-4_vergunningeN/MapServer/WMSServer,400,Bad Request
lokaties-van-vergunningen,http://geoservices.provincie-utrecht.nl/arcgis/services/b01-5-4_vergunningeN/MapServer/WMSServer,400,Bad Request
lokaties-van-vergunningen,http://geoservices.provincie-utrecht.nl/arcgis/services/b01-5-4_vergunningeN/MapServer/WMSServer,400,Bad Request
lokaties-van-vergunningen,http://geoservices.provincie-utrecht.nl/arcgis/services/b01-5-4_vergunningeN/MapServer/WMSServer,400,Bad Request
long-term-average-1981-2010-average-yearly-minimum-temperature,http://data.knmi.nl/portal/KNMI-DataCentre.html#term=tng4&dataset-name=Tng4&dataset-version=4,401,Authorization Required
long-term-average-1981-2010-average-yearly-minimum-temperature-01,ftp://data.knmi.nl/download/Tng/4,0,553 User 'guest' is NOT authorized for dataset in path: '/Tng/4'.
luchtkwaliteitsmeting,http://www.denhaag.nl/ArcGIS/rehttp://www.denhaag.nl/ArcGIS/rest/services/Archeologie/Archeologie_Booronderzoek/MapServer/0st/services/DsbBeheer/Bomenbeheer/MapServer,404,Not Found
luchtkwaliteitsmeting,http://beta.columby.com/explore/dataset/406,0,"HTTPConnectionPool(host='beta.columby.com', port=80): Read timed out. (read timeout=60)"
markeringen-vast,http://markvastrd,0,"HTTPConnectionPool(host='markvastrd', port=80): Max retries exceeded with url: /?SERVICE=WMS&REQUEST=GetCapabilities (Caused by <class 'socket.gaierror'>: [Errno -2] Name or service not known)"
markten-gemeente-den-haag,http://beta.columby.com/explore/dataset/429,0,"HTTPConnectionPool(host='beta.columby.com', port=80): Read timed out. (read timeout=60)"
meerpaal-dukdalf,http://beta.columby.com/explore/dataset/455,0,"HTTPConnectionPool(host='beta.columby.com', port=80): Read timed out. (read timeout=60)"
minder-valide-parkeerplaats,http://beta.columby.com/explore/dataset/422,0,"HTTPConnectionPool(host='beta.columby.com', port=80): Read timed out. (read timeout=60)"
monumenten-inventarisatie-project-mip,http://portal.prvlimburg.nl/geoservices/cultuurhistorie?,502,Bad Gateway
monumenten-inventarisatie-project-mip,http://portal.prvlimburg.nl/geoservices/cultuurhistorie?,502,Bad Gateway
monument-gebieden--gemeente-nijmegen,http://www.nijmegen.nl/opendata/MON_GEBIEDEN.shp,0,"HTTPConnectionPool(host='www.nijmegen.nl', port=80): Read timed out. (read timeout=60)"
mooi-groen--gemeente-amersfoort,http://www.amersfoort.nl/4/opendataamersfoort/Parken-xml.html,500,Status 500
nationaal-hydrologisch-instrumentarium-netwerkschematisaties-links,http://geodata.nationaalgeoregister.nl/nhi/atom/nhi_links.xml,0,"HTTPConnectionPool(host='geodata.nationaalgeoregister.nl', port=80): Read timed out. (read timeout=60)"
nationaal-hydrologisch-instrumentarium-netwerkschematisaties-nodes,http://geodata.nationaalgeoregister.nl/nhi/atom/nhi_nodes.xml,0,"HTTPConnectionPool(host='geodata.nationaalgeoregister.nl', port=80): Read timed out. (read timeout=60)"
nationaal-landschap-zuid-limburg,http://portal.prvlimburg.nl/geoservices/pol2014_kaart2_limburg_regionaal?,0,"HTTPConnectionPool(host='portal.prvlimburg.nl', port=80): Read timed out. (read timeout=60)"
nationaal-landschap-zuid-limburg,http://portal.prvlimburg.nl/geoservices/pol2014_kaart2_limburg_regionaal?,502,Bad Gateway
nationaal-vorderingensaldo-1969-2012,http://opendata.cbs.nl/ODataFeed/OData/81118ned,0,"HTTPConnectionPool(host='opendata.cbs.nl', port=80): Read timed out. (read timeout=60)"
nationaal-wegen-bestand-vaarwegen-kilometermarkeringen,http://geodata.nationaalgeoregister.nl/nwbvaarwegen/atom/nwbvaarwegen_kilometermarkering.xml,0,"HTTPConnectionPool(host='geodata.nationaalgeoregister.nl', port=80): Read timed out. (read timeout=60)"
nationaal-wegen-bestand-vaarwegen-vaarwegvakken,http://geodata.nationaalgeoregister.nl/nwbvaarwegen/atom/nwbvaarwegen_vaarwegvakken.xml,0,"HTTPConnectionPool(host='geodata.nationaalgeoregister.nl', port=80): Read timed out. (read timeout=60)"
nationaal-wegen-bestand-vaarwegen-vaarwegvakken,http://www.rijkswaterstaat.nl/apps/geoservices/geo?????,404,Not Found
nationaal-wegen-bestand-wegen-hectopunten,http://geodata.nationaalgeoregister.nl/nwbwegen/atom/nwbwegen_hectopunten.xml,0,"HTTPConnectionPool(host='geodata.nationaalgeoregister.nl', port=80): Read timed out. (read timeout=60)"
nationaal-wegen-bestand-wegen-wegvakken,http://geodata.nationaalgeoregister.nl/nwbwegen/atom/nwbwegen_wegvakken.xml,0,"HTTPConnectionPool(host='geodata.nationaalgeoregister.nl', port=80): Read timed out. (read timeout=60)"
nationale-parken-2014,http://geodata.nationaalgeoregister.nl/nationaleparken/atom/nationaleparken.xml,0,"HTTPConnectionPool(host='geodata.nationaalgeoregister.nl', port=80): Read timed out. (read timeout=60)"
nationale-problemen,http://opendata.cbs.nl/ODataFeed/OData/71724ned,0,"HTTPConnectionPool(host='opendata.cbs.nl', port=80): Read timed out. (read timeout=60)"
natura-2000-gebieden-peildatum-17-februari-2015,http://geodata.nationaalgeoregister.nl/natura2000/atom/natura2000.xml,0,"HTTPConnectionPool(host='geodata.nationaalgeoregister.nl', port=80): Read timed out. (read timeout=60)"
natuurbeheerplannen-nbp-beheergebied-natuur,http://62.112.238.40/cgi-bin/mapserver/mapserv.exe?map=cgi-bin/mapserver/NBP_vastgesteld.map,0,"(<urllib3.connectionpool.HTTPConnectionPool object at 0x7fe26e4bc610>, 'Connection to 62.112.238.40 timed out. (connect timeout=60)')"
omgevingsverordening-grondwaterbescherming-provincie-gelderland,http://ags101.prvgld.nl/arcgis/services/Omgevingverordening/MapServer/WMSServer,400,Bad Request
omgevingsverordening-grondwaterbescherming-provincie-gelderland,http://ags101.prvgld.nl/arcgis/services/Omgevingverordening/MapServer/WFSServer,400,Bad Request
omgevingsverordening-grondwaterbescherming-provincie-gelderland,http://geodata2.prvgld.nl/metadata/Treeview/Catalogus_Download.html,502,Proxy Error
omgevingsvisie-beroepsscheepvaart-gelderse-wateren-provincie-gelderland,http://geodata2.prvgld.nl/metadata/Treeview/Catalogus_Download.html,502,Proxy Error
omgevingsvisie-bescherming-oppervlakte-drinkwater-provincie-gelderland,http://geodata2.prvgld.nl/metadata/Treeview/Catalogus_Download.html,502,Proxy Error
omgevingsvisie-beschermingszones-natte-landnatuur-provincie-gelderland,http://geodata2.prvgld.nl/metadata/Treeview/Catalogus_Download.html,502,Proxy Error
omgevingsvisie-corridors-provincie-gelderland,http://geodata2.prvgld.nl/metadata/Treeview/Catalogus_Download.html,502,Proxy Error
omgevingsvisie-dagrecreatiegebieden-provincie-gelderland,http://geodata2.prvgld.nl/metadata/Treeview/Catalogus_Download.html,502,Proxy Error
omgevingsvisie-ecologische-hen-sed-wateren-provincie-gelderland,http://geodata2.prvgld.nl/metadata/Treeview/Catalogus_Download.html,502,Proxy Error
omgevingsvisie-ecologische-verbindingszones-provincie-gelderland,http://geodata2.prvgld.nl/metadata/Treeview/Catalogus_Download.html,502,Proxy Error
omgevingsvisie-ganzenfourageergebieden-provincie-gelderland,http://geodata2.prvgld.nl/metadata/Treeview/Catalogus_Download.html,502,Proxy Error
omgevingsvisie-gelders-natuurnetwerk-provincie-gelderland,http://geodata2.prvgld.nl/metadata/Treeview/Catalogus_Download.html,502,Proxy Error
omgevingsvisie-glastuinbouw-provincie-gelderland,http://geodata2.prvgld.nl/metadata/Treeview/Catalogus_Download.html,502,Proxy Error
omgevingsvisie-groene-ontwikkelingszone-provincie-gelderland,http://geodata2.prvgld.nl/metadata/Treeview/Catalogus_Download.html,502,Proxy Error
omgevingsvisie-grondwaterbescherming-provincie-gelderland,http://geodata2.prvgld.nl/metadata/Treeview/Catalogus_Download.html,502,Proxy Error
omgevingsvisie-grondwaterfluctuatiezone-provincie-gelderland,http://ags101.prvgld.nl/arcgis/services/PGR_Omgevingvisie/MapServer,400,Bad Request
omgevingsvisie-grondwaterfluctuatiezone-provincie-gelderland,http://geodata2.prvgld.nl/metadata/Treeview/Catalogus_Download.html,502,Proxy Error
omgevingsvisie-intensieve-veehouderij-provincie-gelderland,http://geodata2.prvgld.nl/metadata/Treeview/Catalogus_Download.html,502,Proxy Error
omgevingsvisie-intrekgebieden-provincie-gelderland,http://geodata2.prvgld.nl/metadata/Treeview/Catalogus_Download.html,502,Proxy Error
omgevingsvisie-landelijke-fiets-en-wandelroutes-provincie-gelderland,http://geodata2.prvgld.nl/metadata/Treeview/Catalogus_Download.html,502,Proxy Error
omgevingsvisie-luchtvaartterreinen-provincie-gelderland,http://geodata2.prvgld.nl/metadata/Treeview/Catalogus_Download.html,502,Proxy Error
omgevingsvisie-molenbiotoop-provincie-gelderland,http://geodata2.prvgld.nl/metadata/Treeview/Catalogus_Download.html,502,Proxy Error
omgevingsvisie-nationale-landschappenvisie-provincie-gelderland,http://geodata2.prvgld.nl/metadata/Treeview/Catalogus_Download.html,502,Proxy Error
omgevingsvisie-natte-landnatuur-provincie-gelderland,http://geodata2.prvgld.nl/metadata/Treeview/Catalogus_Download.html,502,Proxy Error
omgevingsvisie-natura-2000-gebieden-provincie-gelderland,http://geodata2.prvgld.nl/metadata/Treeview/Catalogus_Download.html,502,Proxy Error
omgevingsvisie-nieuwe-hollandse-waterlinie-provincie-gelderland,http://geodata2.prvgld.nl/metadata/Treeview/Catalogus_Download.html,502,Proxy Error
omgevingsvisie-oppervlaktewaterkwaliteit-krw-provincie-gelderland,http://geodata2.prvgld.nl/metadata/Treeview/Catalogus_Download.html,502,Proxy Error
omgevingsvisie-overnachtingshaven-lobith-provincie-gelderland,http://geodata2.prvgld.nl/metadata/Treeview/Catalogus_Download.html,502,Proxy Error
omgevingsvisie-plangebied-en-grens-provincie-gelderland,http://geodata2.prvgld.nl/metadata/Treeview/Catalogus_Download.html,502,Proxy Error
omgevingsvisie-regio-indeling-provincie-gelderland,http://geodata2.prvgld.nl/metadata/Treeview/Catalogus_Download.html,502,Proxy Error
omgevingsvisie-regionale-keringen-provincie-gelderland,http://geodata2.prvgld.nl/metadata/Treeview/Catalogus_Download.html,502,Proxy Error
omgevingsvisie-relaties-provincie-gelderland,http://geodata2.prvgld.nl/metadata/Treeview/Catalogus_Download.html,502,Proxy Error
omgevingsvisie-romeinse-limeszone-provincie-gelderland,http://geodata2.prvgld.nl/metadata/Treeview/Catalogus_Download.html,502,Proxy Error
omgevingsvisie-stedelijke-agglomeraties-provincie-gelderland,http://geodata2.prvgld.nl/metadata/Treeview/Catalogus_Download.html,502,Proxy Error
omgevingsvisie-stedelijke-en-regionale-centra-provincie-gelderland,http://geodata2.prvgld.nl/metadata/Treeview/Catalogus_Download.html,502,Proxy Error
omgevingsvisie-stiltegebieden-provincie-gelderland,http://geodata2.prvgld.nl/metadata/Treeview/Catalogus_Download.html,502,Proxy Error
omgevingsvisie-waalweelde-west-provincie-gelderland,http://geodata2.prvgld.nl/metadata/Treeview/Catalogus_Download.html,502,Proxy Error
omgevingsvisie-waardevol-open-gebied-provincie-gelderland,http://geodata2.prvgld.nl/metadata/Treeview/Catalogus_Download.html,502,Proxy Error
omgevingsvisie-waterberging-provincie-gelderland,http://geodata2.prvgld.nl/metadata/Treeview/Catalogus_Download.html,502,Proxy Error
omgevingsvisie-waterwingebieden-provincie-gelderland,http://geodata2.prvgld.nl/metadata/Treeview/Catalogus_Download.html,502,Proxy Error
omgevingsvisie-weidevogelgebieden-provincie-gelderland,http://geodata2.prvgld.nl/metadata/Treeview/Catalogus_Download.html,502,Proxy Error
omgevingsvisie-windenergie-aandachtsgebied-provincie-gelderland,http://geodata2.prvgld.nl/metadata/Treeview/Catalogus_Download.html,502,Proxy Error
omgevingsvisie-windenergie-bestaand-en-vergund-provincie-gelderland,http://geodata2.prvgld.nl/metadata/Treeview/Catalogus_Download.html,502,Proxy Error
omgevingsvisie-windenergie-in-onderzoek-provincie-gelderland,http://geodata2.prvgld.nl/metadata/Treeview/Catalogus_Download.html,502,Proxy Error
omgevingsvisie-windenergie-mogelijk-provincie-gelderland,http://geodata2.prvgld.nl/metadata/Treeview/Catalogus_Download.html,502,Proxy Error
omgevingsvisie-windenergie-niet-kansrijk-provincie-gelderland,http://geodata2.prvgld.nl/metadata/Treeview/Catalogus_Download.html,502,Proxy Error
omgevingsvisie-windenergie-uitgesloten-provinciaal-beleid-provincie-gelderland,http://geodata2.prvgld.nl/metadata/Treeview/Catalogus_Download.html,502,Proxy Error
omgevingsvisie-windenergie-wettelijk-uitgesloten-provincie-gelderland,http://geodata2.prvgld.nl/metadata/Treeview/Catalogus_Download.html,502,Proxy Error
omgevingsvisie-zoekgebied-nieuwe-natuur-provincie-gelderland,http://geodata2.prvgld.nl/metadata/Treeview/Catalogus_Download.html,502,Proxy Error
omgevingsvisie-zwemwateren-in-provinciaal-beheer-provincie-gelderland,http://geodata2.prvgld.nl/metadata/Treeview/Catalogus_Download.html,502,Proxy Error
omtrek-n2000-gebieden-depositiebank,http://Server=sde; Service=sde:oracle$sde:oracle11g:geopp; User=nat_land; Version=SDE.DEFAULT,0,Failed to parse: Failed to parse: Server=sde; Service=sde:oracle$sde:oracle11g:geopp; User=nat_land; Version=SDE.DEFAULT
ontgrondingen-inspire,http://\\FS-OES-GEOP01\DATA4\GEO\Projecten\Algemeen\Provinciaalgeoregister\metadata\kopie_PGR_datasets_PNBW.gdb,0,URL has an invalid label.
orac,http://beta.columby.com/explore/dataset/410,0,"HTTPConnectionPool(host='beta.columby.com', port=80): Read timed out. (read timeout=60)"
overheids-organisaties,http://zoekdienst.overheid.nl/sru/Search?version=1.2&amp;amp;operation=searchRetrieve&amp;amp;x-connection=OO&amp;amp;startRecord=1&amp;amp;maximumRecords=10&amp;amp;query=keyword=&amp;quot;&amp;quot;,500,Internal Server Error
overige-bebouwing,http://beta.columby.com/explore/dataset/461,0,"HTTPConnectionPool(host='beta.columby.com', port=80): Read timed out. (read timeout=60)"
overzicht-ruimtelijke-planning-gemeente-arnhem,http://www.arnhem.nl/ruimtelijkeplannen/indexer.xml,404,Not Found
overzichtskaart-gebieden-waterbeheerplan,http://geoinformatie.aaenmaas.nl/PDF/WBP_2016_2021/1b_overzichtskaart_gebieden v2.pdf,404,Not Found
parkeergarages,http://beta.columby.com/explore/dataset/420,0,"HTTPConnectionPool(host='beta.columby.com', port=80): Read timed out. (read timeout=60)"
parkeersectoren-gemeente-heemstede,http://www.nationaalgeoregister.nl/geonetwork/srv/en/resources.get?id=486302&fname=Parkeersectoren&access=private,0,"HTTPConnectionPool(host='www.nationaalgeoregister.nl', port=80): Read timed out. (read timeout=60)"
parkeerterreinen,http://beta.columby.com/explore/dataset/421,0,"HTTPConnectionPool(host='beta.columby.com', port=80): Read timed out. (read timeout=60)"
plastic-afvalcontainer,http://beta.columby.com/explore/dataset/411,0,"HTTPConnectionPool(host='beta.columby.com', port=80): Read timed out. (read timeout=60)"
poorten-en-toeristische-overstap-punten-top,http://Server=sde; Service=sde:oracle$sde:oracle11g:geop; User=recreatie; Version=SDE.DEFAULT,0,Failed to parse: Failed to parse: Server=sde; Service=sde:oracle$sde:oracle11g:geop; User=recreatie; Version=SDE.DEFAULT
producten-en-diensten-samenwerkende-catalogi,http://zoekdienst.overheid.nl/sru/Search?version=1.2&amp;operation=searchRetrieve&amp;x-connection=SC&amp;startRecord=1&amp;maximumRecords=10&amp;query=keyword=&quot;&quot;,500,Internal Server Error
projecten-kaart-nieuwe-natuur-natuurbeheerplan-2015,http://geoservices.zuid-holland.nl/arcgis/services/Landelijk_gebied/Landelijk_gebied_NBP/MapServer/WMSServer,400,Bad Request
provinciaal-arbeidsplaatsen-register-par,http://geoservices.provincie-utrecht.nl/arcgis/services/monitorbedrijvenkantoren/MapServer/WMSServer,400,Bad Request
provinciale-milieu-verordening-aardkundige-monumenten,http://maps.noord-holland.nl/arcgis/services/PNH_PGR_cat3/MapServer/WMSServer?,0,"HTTPConnectionPool(host='maps.noord-holland.nl', port=80): Read timed out. (read timeout=60)"
provinciale-milieu-verordening-aardkundige-monumenten,http://maps.noord-holland.nl/arcgis/services/PNH_PGR_cat3/MapServer/WFSServer?,0,"HTTPConnectionPool(host='maps.noord-holland.nl', port=80): Read timed out. (read timeout=60)"
provinciale-milieu-verordening-stiltegebieden,http://maps.noord-holland.nl/arcgis/services/pnh_pgr_cat3/MapServer/WMSServer?,0,"HTTPConnectionPool(host='maps.noord-holland.nl', port=80): Read timed out. (read timeout=60)"
provinciale-milieu-verordening-stiltegebieden,http://maps.noord-holland.nl/ArcGIS/services/PNH_PGR_cat3/MapServer/WFSServer?,0,"HTTPConnectionPool(host='maps.noord-holland.nl', port=80): Read timed out. (read timeout=60)"
provinciale-monumenten-01,http://maps.noord-holland.nl/ArcGIS/services/PNH_inspire_annex1/MapServer/WMSServer?,0,"HTTPConnectionPool(host='maps.noord-holland.nl', port=80): Read timed out. (read timeout=60)"
provinciale-monumenten-01,http://maps.noord-holland.nl/ArcGIS/services/PNH_inspire_annex1/MapServer/WFSServer?,0,"HTTPConnectionPool(host='maps.noord-holland.nl', port=80): Read timed out. (read timeout=60)"
provinciale-ruimtelijke-verordening-begrenzingen-weidevogelleefgebied,http://maps.noord-holland.nl/arcgis/services/pnh_pgr_cat3/MapServer/WMSServer?,0,"HTTPConnectionPool(host='maps.noord-holland.nl', port=80): Read timed out. (read timeout=60)"
provinciale-ruimtelijke-verordening-begrenzingen-weidevogelleefgebied,http://maps.noord-holland.nl/arcgis/services/pnh_pgr_cat3/MapServer/WFSServer?,0,"HTTPConnectionPool(host='maps.noord-holland.nl', port=80): Read timed out. (read timeout=60)"
provinciale-ruimtelijke-verordening-natuurverbindingen,http://maps.noord-holland.nl/arcgis/services/PNH_PGR_cat3/MapServer/WMSServer?,0,"HTTPConnectionPool(host='maps.noord-holland.nl', port=80): Read timed out. (read timeout=60)"
provinciale-ruimtelijke-verordening-natuurverbindingen,http://maps.noord-holland.nl/arcgis/services/PNH_PGR_cat3/MapServer/WFSServer?,0,"HTTPConnectionPool(host='maps.noord-holland.nl', port=80): Read timed out. (read timeout=60)"
provinciale-staten-landelijk-1995,http://opendata.cbs.nl/ODataFeed/OData/70166NED,0,"HTTPConnectionPool(host='opendata.cbs.nl', port=80): Read timed out. (read timeout=60)"
publiekrechtelijke-beperkingen-bodem,http://beta.columby.com/explore/dataset/304,0,"HTTPConnectionPool(host='beta.columby.com', port=80): Read timed out. (read timeout=60)"
putten-archeologie-gemeente-den-haag,http://beta.columby.com/explore/dataset/440,0,"HTTPConnectionPool(host='beta.columby.com', port=80): Read timed out. (read timeout=60)"
rd-punten,http://geodata.nationaalgeoregister.nl/rdinfo/wfs?version=1.0.0&request=GetCapabilities,404,Not Found
rebis-bedrijfskavels-maart-2014,http://portal.prvlimburg.nl/geoservices/economie_bedrijvigheid?,503,Service Temporarily Unavailable
rebis-bedrijfskavels-maart-2014,http://portal.prvlimburg.nl/geoservices/economie_bedrijvigheid?,503,Service Temporarily Unavailable
rebis-bedrijfskavels-maart-2014-01,http://portal.prvlimburg.nl/geoservices/economie_bedrijvigheid?,503,Service Temporarily Unavailable
rebis-bedrijfskavels-maart-2014-01,http://portal.prvlimburg.nl/geoservices/economie_bedrijvigheid?,503,Service Temporarily Unavailable
rebis-bedrijventerreinen-maart-2014,http://portal.prvlimburg.nl/geoservices/economie_bedrijvigheid?,503,Service Temporarily Unavailable
rebis-bedrijventerreinen-maart-2014,http://portal.prvlimburg.nl/geoservices/economie_bedrijvigheid?,503,Service Temporarily Unavailable
rebis-bedrijventerreinen-maart-2014-01,http://portal.prvlimburg.nl/geoservices/economie_bedrijvigheid?,503,Service Temporarily Unavailable
rebis-bedrijventerreinen-maart-2014-01,http://portal.prvlimburg.nl/geoservices/economie_bedrijvigheid?,503,Service Temporarily Unavailable
regeling-wijzigen-begrenzingen-verordening-water-natte-natuurparels,http://\\FS_GEO\DATA4\GEO\Projecten\Algemeen\Provinciaalgeoregister\metadata\kopie_PGR_datasets_PNBW.gdb,0,URL has an invalid label.
regeling-wijzigen-begrenzingen-verordening-water-natte-natuurparels,http://atlas.brabant.nl/ArcGIS/services/pgr_w01_water/MapServer/WMSServer,0,"HTTPConnectionPool(host='atlas.brabant.nl', port=80): Read timed out. (read timeout=60)"
regionaal-knooppunt,http://Server=sde; Service=sde:oracle$sde:oracle11g:geopp; User=verkeer; Version=SDE.DEFAULT,0,Failed to parse: Failed to parse: Server=sde; Service=sde:oracle$sde:oracle11g:geopp; User=verkeer; Version=SDE.DEFAULT
selectie-uit-locaties-voorgezet-onderwijs,http://Server=sde; Service=sde:oracle$sde:oracle11g:geopp; User=verkeer; Version=SDE.DEFAULT,0,Failed to parse: Failed to parse: Server=sde; Service=sde:oracle$sde:oracle11g:geopp; User=verkeer; Version=SDE.DEFAULT
signaleringskaart-ext-veiligheid-transp-en-plasbrandaandachtsgebied-water,http://Server=sde; Service=sde:oracle$sde:oracle11g:geop; User=veiligheid; Version=SDE.DEFAULT,0,Failed to parse: Failed to parse: Server=sde; Service=sde:oracle$sde:oracle11g:geop; User=veiligheid; Version=SDE.DEFAULT
signaleringskaart-ext-veiligheid-transp-en-plasbrandaandachtsgebied-wegen,http://Server=sde; Service=sde:oracle$sde:oracle11g:geopt; User=veiligheid; Version=SDE.DEFAULT,0,Failed to parse: Failed to parse: Server=sde; Service=sde:oracle$sde:oracle11g:geopt; User=veiligheid; Version=SDE.DEFAULT
speeltoestellen,http://beta.columby.com/explore/dataset/398,0,"HTTPConnectionPool(host='beta.columby.com', port=80): Read timed out. (read timeout=60)"
sporthallen-gemeente-den-haag,http://beta.columby.com/explore/dataset/428,0,"HTTPConnectionPool(host='beta.columby.com', port=80): Read timed out. (read timeout=60)"
stadsdeelgrenzen,http://beta.columby.com/explore/dataset/441,0,"HTTPConnectionPool(host='beta.columby.com', port=80): Read timed out. (read timeout=60)"
stadsdeelkantoren,http://beta.columby.com/explore/dataset/417,0,"HTTPConnectionPool(host='beta.columby.com', port=80): Read timed out. (read timeout=60)"
standplaatsen,http://beta.columby.com/explore/dataset/453,0,"HTTPConnectionPool(host='beta.columby.com', port=80): Read timed out. (read timeout=60)"
straatvak,http://beta.columby.com/explore/dataset/449,0,"HTTPConnectionPool(host='beta.columby.com', port=80): Read timed out. (read timeout=60)"
strooiroutes-zoutafhaalpunten,http://beta.columby.com/sites/default/files/datasets/4cb0f77f-951e-461e-874d-067b91c49445.csv,0,"HTTPConnectionPool(host='beta.columby.com', port=80): Read timed out. (read timeout=60)"
strooiroutes-zoutafhaalpunten,http://beta.columby.com/sites/default/files/datasets/a17a08c9-badf-46dd-9ac1-4d9b784c49f8.csv,0,"HTTPConnectionPool(host='beta.columby.com', port=80): Read timed out. (read timeout=60)"
strooiroutes-zoutafhaalpunten,http://beta.columby.com/sites/default/files/datasets/4cb0f77f-951e-461e-874d-067b91c49445.csv,0,"HTTPConnectionPool(host='beta.columby.com', port=80): Read timed out. (read timeout=60)"
stroomlijnprojectgrens-inhaalslag-nederlandse-rivieren-07-2012,http://intranet.rijkswaterstaat.nl/services/geoservices/zuid_holland_stroombaan,0,"HTTPConnectionPool(host='intranet.rijkswaterstaat.nl', port=80): Max retries exceeded with url: /services/geoservices/zuid_holland_stroombaan?SERVICE=WMS&REQUEST=GetCapabilities (Caused by <class 'socket.gaierror'>: [Errno -5] No address associated with hostname)"
stroomlijnprojectgrens-inhaalslag-nederlandse-rivieren-07-2012,http://intranet.rijkswaterstaat.nl/services/geoservices/zuid_holland_stroombaan,0,"HTTPConnectionPool(host='intranet.rijkswaterstaat.nl', port=80): Max retries exceeded with url: /services/geoservices/zuid_holland_stroombaan?SERVICE=WFS&REQUEST=GetCapabilities (Caused by <class 'socket.gaierror'>: [Errno -5] No address associated with hostname)"
totaal-clusters-van-alle-woningen,http://Server=sde; Service=sde:oracle$sde:oracle11g:geopp; User=milieu; Version=SDE.DEFAULT,0,Failed to parse: Failed to parse: Server=sde; Service=sde:oracle$sde:oracle11g:geopp; User=milieu; Version=SDE.DEFAULT
totaal-ges-belaste-woningen,http://geoservices.provincie-utrecht.nl/arcgis/services/m01-4_overlast_hinder_mgkp/MapServer,400,Bad Request
totaal-ges-contouren,http://Server=sde; Service=sde:oracle$sde:oracle11g:geopp; User=milieu; Version=SDE.DEFAULT,0,Failed to parse: Failed to parse: Server=sde; Service=sde:oracle$sde:oracle11g:geopp; User=milieu; Version=SDE.DEFAULT
totaal-gevoelige-bestemmingen,http://Server=sde; Service=sde:oracle$sde:oracle11g:geopp; User=milieu; Version=SDE.DEFAULT,0,Failed to parse: Failed to parse: Server=sde; Service=sde:oracle$sde:oracle11g:geopp; User=milieu; Version=SDE.DEFAULT
tramrail-traject,http://beta.columby.com/explore/dataset/456,0,"HTTPConnectionPool(host='beta.columby.com', port=80): Read timed out. (read timeout=60)"
uitslag-gemeenteraadsverkiezingen-2014-gemeente-den-haag,http://beta.columby.com/explore/dataset/348,0,"HTTPConnectionPool(host='beta.columby.com', port=80): Read timed out. (read timeout=60)"
uitsnede-uit-kwaliteitsnet-goederenvervoer-netwerk-spoorwegen,http://Server=sde; Service=sde:oracle$sde:oracle11g:geopp; User=verkeer; Version=SDE.DEFAULT,0,Failed to parse: Failed to parse: Server=sde; Service=sde:oracle$sde:oracle11g:geopp; User=verkeer; Version=SDE.DEFAULT
vaarweg-informatie-nederland-ijstrajecten,http://www.rijkswaterstaat.nl/apps/geoservices/geodata/dmc/vaarweginformatie_nederland/geogegevens/shape,404,Not Found
vaarwegkenmerken-in-nederland-aansluiting,http://www.rijkswaterstaat.nl/apps/geoservices/geodata/dmc/vaarweginformatie_nederland/geogegevens/shape,404,Not Found
vaarwegkenmerken-in-nederland-bevaarbaarheidsinformatie,http://www.rijkswaterstaat.nl/apps/geoservices/geodata/dmc/vaarweginformatie_nederland/geogegevens/shape,404,Not Found
vaarwegkenmerken-in-nederland-bruggen,http://www.rijkswaterstaat.nl/apps/geoservices/geodata/dmc/vaarweginformatie_nederland/geogegevens/shape,404,Not Found
vaarwegkenmerken-in-nederland-bunkerstations,http://www.rijkswaterstaat.nl/apps/geoservices/geodata/dmc/vaarweginformatie_nederland/geogegevens/shape,404,Not Found
vaarwegkenmerken-in-nederland-diepte-vaarweg,http://www.rijkswaterstaat.nl/apps/geoservices/geodata/dmc/vaarweginformatie_nederland/geogegevens/shape,404,Not Found
vaarwegkenmerken-in-nederland-havens,http://www.rijkswaterstaat.nl/apps/geoservices/geodata/dmc/vaarweginformatie_nederland/geogegevens/shape,404,Not Found
vaarwegkenmerken-in-nederland-hoogspanningslijn,http://www.rijkswaterstaat.nl/apps/geoservices/geodata/dmc/vaarweginformatie_nederland/geogegevens/shape,404,Not Found
vaarwegkenmerken-in-nederland-ivs-punten,http://www.rijkswaterstaat.nl/apps/geoservices/geodata/dmc/vaarweginformatie_nederland/geogegevens/shape,404,Not Found
vaarwegkenmerken-in-nederland-ivs-trajecten,http://www.rijkswaterstaat.nl/apps/geoservices/geodata/dmc/vaarweginformatie_nederland/geogegevens/shape,404,Not Found
vaarwegkenmerken-in-nederland-ligplaatsen,http://www.rijkswaterstaat.nl/apps/geoservices/geodata/dmc/vaarweginformatie_nederland/geogegevens/shape,404,Not Found
vaarwegkenmerken-in-nederland-lrg-trajecten,http://www.rijkswaterstaat.nl/apps/geoservices/geodata/dmc/vaarweginformatie_nederland/geogegevens/shape,404,Not Found
vaarwegkenmerken-in-nederland-mgd,http://www.rijkswaterstaat.nl/apps/geoservices/geodata/dmc/vaarweginformatie_nederland/geogegevens/shape,404,Not Found
vaarwegkenmerken-in-nederland-mta,http://www.rijkswaterstaat.nl/apps/geoservices/geodata/dmc/vaarweginformatie_nederland/geogegevens/shape,404,Not Found
vaarwegkenmerken-in-nederland-overige-kunstwerken,http://www.rijkswaterstaat.nl/apps/geoservices/geodata/dmc/vaarweginformatie_nederland/geogegevens/shape,404,Not Found
vaarwegkenmerken-in-nederland-recreatievaartklasse,http://www.rijkswaterstaat.nl/apps/geoservices/geodata/dmc/vaarweginformatie_nederland/geogegevens/shape,404,Not Found
vaarwegkenmerken-in-nederland-sab-inzamelpunt,http://www.rijkswaterstaat.nl/apps/geoservices/geodata/dmc/vaarweginformatie_nederland/geogegevens/shape,404,Not Found
vaarwegkenmerken-in-nederland-sluizen,http://www.rijkswaterstaat.nl/apps/geoservices/geodata/dmc/vaarweginformatie_nederland/geogegevens/shape,404,Not Found
vaarwegkenmerken-in-nederland-streefpeil,http://www.rijkswaterstaat.nl/apps/geoservices/geodata/dmc/vaarweginformatie_nederland/geogegevens/shape,404,Not Found
vaarwegkenmerken-in-nederland-streefpeil-stv,http://www.rijkswaterstaat.nl/apps/geoservices/geodata/dmc/vaarweginformatie_nederland/geogegevens/shape,404,Not Found
vaarwegkenmerken-in-nederland-trajectbeheer,http://www.rijkswaterstaat.nl/apps/geoservices/geodata/dmc/vaarweginformatie_nederland/geogegevens/shape,404,Not Found
vaarwegkenmerken-in-nederland-type-vaarweg,http://www.rijkswaterstaat.nl/apps/geoservices/geodata/dmc/vaarweginformatie_nederland/geogegevens/shape,404,Not Found
vaarwegkenmerken-in-nederland-vaarweg-karakter,http://www.rijkswaterstaat.nl/apps/geoservices/geodata/dmc/vaarweginformatie_nederland/geogegevens/shape,404,Not Found
vaarwegkenmerken-in-nederland-waterstand-streefpeil,http://www.rijkswaterstaat.nl/apps/geoservices/geodata/dmc/vaarweginformatie_nederland/geogegevens/shape,404,Not Found
vaarwegkenmerken-in-nederland-waterstand-tov-nap,http://www.rijkswaterstaat.nl/apps/geoservices/geodata/dmc/vaarweginformatie_nederland/geogegevens/shape,404,Not Found
vaarwegkenmerken-in-nederland-zwaaiplaats,http://www.rijkswaterstaat.nl/apps/geoservices/geodata/dmc/vaarweginformatie_nederland/geogegevens/shape,404,Not Found
vaarwegkenmerken-nederland-vts-deelsector,http://www.rijkswaterstaat.nl/apps/geoservices/geodata/dmc/vaarweginformatie_nederland/geogegevens/shape,404,Not Found
vangrail,http://beta.columby.com/explore/dataset/458,0,"HTTPConnectionPool(host='beta.columby.com', port=80): Read timed out. (read timeout=60)"
vehicle-kilometres-goods-vehiclesweight,http://opendata.cbs.nl/ODataFeed/OData/80379ENG,0,"HTTPConnectionPool(host='opendata.cbs.nl', port=80): Read timed out. (read timeout=60)"
verdroogde-gebieden-milieutekorten-binnen-de-ehs-2011-01,http://\\Dattero\kgodata\Geo_Data\Metadata\metadata.gdb,0,"HTTPConnectionPool(host='%5C%5CDattero%5Ckgodata%5CGeo_Data%5CMetadata%5Cmetadata.gdb', port=80): Max retries exceeded with url: / (Caused by <class 'socket.gaierror'>: [Errno -2] Name or service not known)"
vergunningen,http://beta.columby.com/explore/dataset/414,0,"HTTPConnectionPool(host='beta.columby.com', port=80): Read timed out. (read timeout=60)"
vergunningen-open-bodemenergieopslagsystemen,http://Server=sde; Service=sde:oracle$sde:oracle11g:geopp; User=milieu; Version=SDE.DEFAULT,0,Failed to parse: Failed to parse: Server=sde; Service=sde:oracle$sde:oracle11g:geopp; User=milieu; Version=SDE.DEFAULT
verkeersgeleider,http://beta.columby.com/explore/dataset/459,0,"HTTPConnectionPool(host='beta.columby.com', port=80): Read timed out. (read timeout=60)"
verkeersintensiteit-op-provinciale-wegen,http://Service=sde:oracle11g:/;LOCAL=GISBASIP; User=b2; Version=SDE.DEFAULT,0,Failed to parse: Failed to parse: Service=sde:oracle11g:
verkeersregelinstallaties-n-wegen,http://Server=sde; Service=sde:oracle$sde:oracle11g:geop; User=wegen; Version=SDE.DEFAULT,0,Failed to parse: Failed to parse: Server=sde; Service=sde:oracle$sde:oracle11g:geop; User=wegen; Version=SDE.DEFAULT
verordeningen-provincie-noord-holland,http://gis.noord-holland.nl/ArcGIS/rest/services/PNH_verordening/MapServer?f=json&amp;pretty=true,0,"HTTPConnectionPool(host='gis.noord-holland.nl', port=80): Max retries exceeded with url: /ArcGIS/rest/services/PNH_verordening/MapServer?f=json&amp;pretty=true (Caused by <class 'socket.gaierror'>: [Errno -2] Name or service not known)"
verordeningen-provincie-noord-holland,http://gis.noord-holland.nl/ArcGIS/services/PNH_verordening/MapServer?wsdl,0,"HTTPConnectionPool(host='gis.noord-holland.nl', port=80): Max retries exceeded with url: /ArcGIS/services/PNH_verordening/MapServer?wsdl (Caused by <class 'socket.gaierror'>: [Errno -2] Name or service not known)"
verordeningen-provincie-noord-holland,http://gis.noord-holland.nl/ArcGIS/services/PNH_verordening/MapServer/WMSServer?request=GetCapabilities&amp;service=WMS,0,"HTTPConnectionPool(host='gis.noord-holland.nl', port=80): Max retries exceeded with url: /ArcGIS/services/PNH_verordening/MapServer/WMSServer?request=GetCapabilities&amp;service=WMS?SERVICE=WMS&REQUEST=GetCapabilities (Caused by <class 'socket.gaierror'>: [Errno -2] Name or service not known)"
verordening-water-noord-brabant-normen-wateroverlast,http://\\FS-OES-GEOP01\DATA4\GEO\Projecten\Algemeen\Provinciaalgeoregister\metadata\kopie_PGR_datasets_PNBW.gdb,0,URL has an invalid label.
verordening-water-noord-brabant-normering-regionale-waterkeringen,http://\\FS-OES-GEOP01\DATA4\GEO\Projecten\Algemeen\Provinciaalgeoregister\metadata\kopie_PGR_datasets_PNBW.gdb,0,URL has an invalid label.
verwachte-wegwerkzaamheden,http://beta.columby.com/explore/dataset/418,0,"HTTPConnectionPool(host='beta.columby.com', port=80): Read timed out. (read timeout=60)"
vierkanten-100m-x-100m,http://geodata.nationaalgeoregister.nl/cbsvierkanten100m/atom/cbsvierkanten100m.xml,0,"HTTPConnectionPool(host='geodata.nationaalgeoregister.nl', port=80): Read timed out. (read timeout=60)"
voetpad,http://beta.columby.com/explore/dataset/463,0,"HTTPConnectionPool(host='beta.columby.com', port=80): Read timed out. (read timeout=60)"
warmte-koude-opslagsystemen,http://geo.flevoland.nl/ArcGIS/services/Milieu/wko-systemen/MapServer/WMSServer,400,Bad Request
warmte-koude-opslagsystemen,http://geo.flevoland.nl/ArcGIS/services/Milieu/wko-systemen/MapServer/WFSServer,400,Bad Request
waterbeheerplan-2010-2015,http://www.aaenmaas.nl/informatie_op_maat/item_161436/item_200595/waterbeheerplan,404,Not Found
wegvakken,http://beta.columby.com/explore/dataset/448,0,"HTTPConnectionPool(host='beta.columby.com', port=80): Read timed out. (read timeout=60)"
wegvakonderdelen,http://beta.columby.com/explore/dataset/340,0,"HTTPConnectionPool(host='beta.columby.com', port=80): Read timed out. (read timeout=60)"
wegvervoer-gewicht-goederen-nst-2007,http://opendata.cbs.nl/ODataFeed/OData/82655NED,0,"HTTPConnectionPool(host='opendata.cbs.nl', port=80): Read timed out. (read timeout=60)"
werklocaties-bedrijven,http://Server=sde; Service=sde:oracle$sde:oracle11g:geopp; User=econ_zaken; Version=SDE.DEFAULT,0,Failed to parse: Failed to parse: Server=sde; Service=sde:oracle$sde:oracle11g:geopp; User=econ_zaken; Version=SDE.DEFAULT
werklocaties-kantoren,http://Server=sde; Service=sde:oracle$sde:oracle11g:geopp; User=econ_zaken; Version=SDE.DEFAULT,0,Failed to parse: Failed to parse: Server=sde; Service=sde:oracle$sde:oracle11g:geopp; User=econ_zaken; Version=SDE.DEFAULT
werklocaties-kantoren-bestaand-en-gepland-hard-zacht-en-reservering,http://maps.noord-holland.nl/ArcGIS/services/PNH_PGR_cat3/MapServer/WMSServer?,0,"HTTPConnectionPool(host='maps.noord-holland.nl', port=80): Read timed out. (read timeout=60)"
werklocaties-kantoren-bestaand-en-gepland-hard-zacht-en-reservering,http://maps.noord-holland.nl/ArcGIS/services/PNH_PGR_cat3/MapServer/WFSServer?,0,"HTTPConnectionPool(host='maps.noord-holland.nl', port=80): Read timed out. (read timeout=60)"
wijk-en-buurtkaart-2014-versie-1,http://geodata.nationaalgeoregister.nl/wijkenbuurten2014/wms?,404,Not Found
wijk-en-buurtkaart-2014-versie-1,http://geodata.nationaalgeoregister.nl/wijkenbuurten2014/wms?,404,Not Found
wijk-en-buurtkaart-2014-versie-1,http://geodata.nationaalgeoregister.nl/wijkenbuurten2014/wfs?,404,Not Found
wijk-en-buurtkaart-2014-versie-1,http://geodata.nationaalgeoregister.nl/wijkenbuurten2014/wfs?,404,Not Found
wijk-en-buurtkaart-2014-versie-1,http://geodata.nationaalgeoregister.nl/wijkenbuurten2014/wfs?,404,Not Found
wijk-en-buurtkaart-2014-versie-1,http://geodata.nationaalgeoregister.nl/wijkenbuurten2013/atom/wijkenbuurten2014.xml,404,Not Found
wijkgrenzen,http://beta.columby.com/explore/dataset/442,0,"HTTPConnectionPool(host='beta.columby.com', port=80): Read timed out. (read timeout=60)"
windenergie-op-land-naar-ashoogte,http://opendata.cbs.nl/ODataFeed/OData/71227ned,0,"HTTPConnectionPool(host='opendata.cbs.nl', port=80): Read timed out. (read timeout=60)"
windkansenkaart--provincie-noord-holland,http://gis.noord-holland.nl/ArcGIS/rest/services/PNH_Windkansenkaart/MapServer?f=json&amp;pretty=true,0,"HTTPConnectionPool(host='gis.noord-holland.nl', port=80): Max retries exceeded with url: /ArcGIS/rest/services/PNH_Windkansenkaart/MapServer?f=json&amp;pretty=true (Caused by <class 'socket.gaierror'>: [Errno -2] Name or service not known)"
windkansenkaart--provincie-noord-holland,http://gis.noord-holland.nl/ArcGIS/services/PNH_Windkansenkaart/MapServer?wsdl,0,"HTTPConnectionPool(host='gis.noord-holland.nl', port=80): Max retries exceeded with url: /ArcGIS/services/PNH_Windkansenkaart/MapServer?wsdl (Caused by <class 'socket.gaierror'>: [Errno -2] Name or service not known)"
windkansenkaart--provincie-noord-holland,http://gis.noord-holland.nl/ArcGIS/services/PNH_Windkansenkaart/MapServer/WMSServer?request=GetCapabilities&amp;service=WMS,0,"HTTPConnectionPool(host='gis.noord-holland.nl', port=80): Max retries exceeded with url: /ArcGIS/services/PNH_Windkansenkaart/MapServer/WMSServer?request=GetCapabilities&amp;service=WMS?SERVICE=WMS&REQUEST=GetCapabilities (Caused by <class 'socket.gaierror'>: [Errno -2] Name or service not known)"
woonplaatsen-gemeente-nijmegen,http://www.nijmegen.nl/opendata/INDELING_WOONPLAATSEN.shp,0,"HTTPConnectionPool(host='www.nijmegen.nl', port=80): Read timed out. (read timeout=60)"
zeer-kwetsbare-gebieden,http://Service=sde:oracle11g:/;LOCAL=gisbasip; User=b4; Version=SDE.DEFAULT,0,Failed to parse: Failed to parse: Service=sde:oracle11g:
zwembaden-01,http://beta.columby.com/explore/dataset/419,0,"HTTPConnectionPool(host='beta.columby.com', port=80): Read timed out. (read timeout=60)"
